course_code_section,category,course_name,credits,theory_practice,course_capacity_basis,applied_total,applied_1,applied_2,applied_3,applied_4,applied_reserve,limit_total,limit_1,limit_2,limit_3,limit_4,professor,schedule_room,eligible_grade_department,opened_department,exchange_allowed,core_competency,lecture_method,class_operation,online_solution,exam_method,exam_datetime,exam_place,exam_note,plan_year,plan_term,plan_subject_no,plan_division,plan_action_mode,query_grade_code,query_title
학수번호(분반),구분,과목명,학점,이론(실습),설강기준,신청인원,제한인원,담당교수,시간표(강의실),수강가능학년학과,개설학과,교류허용,핵심기초역량,강의진행방식,수업운영방식,비대면솔루션,시험정보,,,,,,,,,,,,,,,,,,0,2026 - 1 학기 기초교양-미래설계
전체,1,2,3,4,예비수강,전체,1,2,3,4,방식,시험일시,시험장소,시험안내,,,,,,,,,,,,,,,,,,,,,0,2026 - 1 학기 기초교양-미래설계
GEA8001(00),기초교양,대학생활의설계(CDP-C),1,1(0),30,2144,1791,175,105,73,145,2950,2500,200,150,100,"박상희,강사",,1 2 3 4전학과,교양,Y,지역형리더,원격수업,동영상,미사용,,,,,2026,1,GEA8001,00,R,0,2026 - 1 학기 기초교양-미래설계
GEA8001(01),기초교양,대학생활의설계(CDP-C)(거창캠퍼스 및 남해캠퍼스 소속학생만 수강신청 가능),1,1(0),5,5,5,0,0,0,0,1000,500,500,0,0,"박상희,강사",,1 2전학과,교양,Y,지역형리더,원격수업,동영상,미사용,,,,,2026,1,GEA8001,01,R,0,2026 - 1 학기 기초교양-미래설계
GEA8810(00),기초교양,인공지능시대의파이썬프로그래밍,3,3(0),30,40,40,0,0,0,1,40,40,0,0,0,박동규,"화8B(T98202),화9A,화9B,목7A(T98202),목7B,목8A,",1 학과확인,교양,Y,창의적사고,일반강의,대면,미사용,,,T98202,,2026,1,GEA8810,00,R,1,2026 - 1 학기 기초교양-AI융합기초
GEA8810(01),기초교양,인공지능시대의파이썬프로그래밍,3,3(0),30,40,40,0,0,0,0,40,40,0,0,0,최정인,"화5B(4101),화6A,화6B,목4A(4101),목4B,목5A,",1 학과확인,교양,Y,창의적사고,일반강의,대면,미사용,,,전산101,,2026,1,GEA8810,01,R,1,2026 - 1 학기 기초교양-AI융합기초
GEA8810(02),기초교양,인공지능시대의파이썬프로그래밍,3,3(0),30,39,38,1,0,0,1,40,40,0,0,0,송치호,"금1A(4101),금1B,금2A,금2B,금3A,금3B,",1 2 3 4 학과확인,교양,Y,창의적사고,일반강의,대면,미사용,,,4101,,2026,1,GEA8810,02,R,1,2026 - 1 학기 기초교양-AI융합기초
GEA8811(00),기초교양,인문사회계열을위한인공지능입문,3,3(0),30,40,40,0,0,0,0,40,40,0,0,0,이용직,"화1A(4101),화1B,화2A,목2B(4101),목3A,목3B,",1 학과확인,교양,Y,창의적사고,일반강의,대면,줌,대면,2026.04.21(화) 09:00,전산101,,2026,1,GEA8811,00,R,1,2026 - 1 학기 기초교양-AI융합기초
GEA8811(01),기초교양,인문사회계열을위한인공지능입문,3,3(0),30,40,40,0,0,0,1,40,40,0,0,0,이용직,"화2B(4101),화3A,화3B,목1A(4101),목1B,목2A,",1 학과확인,교양,Y,창의적사고,일반강의,대면,줌,대면,2026.04.21(화) 10:30,전산101,시험 안내사항은 다시 공지예정,2026,1,GEA8811,01,R,1,2026 - 1 학기 기초교양-AI융합기초
GEA8811(02),기초교양,인문사회계열을위한인공지능입문,3,3(0),30,39,39,0,0,0,0,40,40,0,0,0,이석주,"월5B(4101),월6A,월6B,수4A(4101),수4B,수5A,",1 학과확인,교양,Y,창의적사고,일반강의,대면,미사용,,,4101,,2026,1,GEA8811,02,R,1,2026 - 1 학기 기초교양-AI융합기초
GEA8811(03),기초교양,인문사회계열을위한인공지능입문,3,3(0),30,40,40,0,0,0,1,40,40,0,0,0,김다정,"월2B(4101),월3A,월3B,수1A(4101),수1B,수2A,",1 학과확인,교양,Y,창의적사고,일반강의,대면,미사용,,,4101,,2026,1,GEA8811,03,R,1,2026 - 1 학기 기초교양-AI융합기초
GEA8811(04),기초교양,인문사회계열을위한인공지능입문,3,3(0),30,40,40,0,0,0,0,40,40,0,0,0,송치호,"금4A(4101),금4B,금5A,금5B,금6A,금6B,",1 학과확인,교양,Y,창의적사고,일반강의,대면,미사용,,,4101,,2026,1,GEA8811,04,R,1,2026 - 1 학기 기초교양-AI융합기초
GEA8812(00),기초교양,자연공학계열을위한인공지능입문,3,3(0),30,40,40,0,0,0,0,40,40,0,0,0,심성현,"월4A(4101),월4B,월5A,수5B(4101),수6A,수6B,",1 학과확인,교양,Y,,일반강의,대면,미사용,,,,,2026,1,GEA8812,00,R,1,2026 - 1 학기 기초교양-AI융합기초
GEA8812(01),기초교양,자연공학계열을위한인공지능입문,3,3(0),30,40,40,0,0,0,0,40,40,0,0,0,이상근,"화4A(4101),화4B,화5A,목5B(4101),목6A,목6B,",1 학과확인,교양,Y,창의적사고,일반강의,대면,미사용,,,4101,,2026,1,GEA8812,01,R,1,2026 - 1 학기 기초교양-AI융합기초
GEA8812(02),기초교양,자연공학계열을위한인공지능입문★,3,3(0),30,40,40,0,0,0,0,40,40,0,0,0,김중락,"월7A(4101),월7B,월8A,수8B(4101),수9A,수9B,",1 학과확인,교양,Y,창의적사고,일반강의,대면,미사용,,,4101,,2026,1,GEA8812,02,R,1,2026 - 1 학기 기초교양-AI융합기초
GEA8812(03),기초교양,자연공학계열을위한인공지능입문,3,3(0),30,40,40,0,0,0,0,40,40,0,0,0,류정열,"화7A(4101),화7B,화8A,목8B(4101),목9A,목9B,",1 학과확인,교양,Y,창의적사고,영어강의,대면,미사용,,,전산101,,2026,1,GEA8812,03,R,1,2026 - 1 학기 기초교양-AI융합기초
GEA8813(00),기초교양,인공지능데이터활용기초★,3,2(2),20,29,25,2,2,0,0,35,35,0,0,0,최정인,"월5A(11312),월5B,월6A,월6B,수7A(11312),수7B,수8A,수8B,",1 2 3 4 학과확인,교양,Y,창의적사고,일반강의,대면,미사용,,,04101,,2026,1,GEA8813,00,R,1,2026 - 1 학기 기초교양-AI융합기초
GEA8813(01),기초교양,인공지능데이터활용기초★,3,2(2),20,35,34,1,0,0,0,35,35,0,0,0,최정인,"월7A(11312),월7B,월8A,월8B,수5A(11312),수5B,수6A,수6B,",1 2 3 4 학과확인,교양,Y,창의적사고,일반강의,대면,미사용,,,04101,,2026,1,GEA8813,01,R,1,2026 - 1 학기 기초교양-AI융합기초
GEA8813(02),기초교양,인공지능데이터활용기초,3,2(2),20,35,31,2,1,1,0,35,35,0,0,0,조재규,"월7A(BAC203),월7B,월8A,월8B,수5A(BAC203),수5B,수6A,수6B,",1 2 3 4전학과,교양,Y,창의적사고,일반강의,대면,미사용,,,BAC203,,2026,1,GEA8813,02,R,1,2026 - 1 학기 기초교양-AI융합기초
GEA8813(03),기초교양,인공지능데이터활용기초,3,2(2),20,35,29,2,3,1,0,35,35,0,0,0,조재규,"월5A(BAC203),월5B,월6A,월6B,수7A(BAC203),수7B,수8A,수8B,",1 2 3 4전학과,교양,Y,창의적사고,일반강의,대면,미사용,,,BAC203,,2026,1,GEA8813,03,R,1,2026 - 1 학기 기초교양-AI융합기초
GEA8814(00),기초교양,인공지능과디지털사회★,3,3(0),30,62,0,24,25,13,82,62,0,20,26,16,남수태,"화2B(11108),화3A,화3B,목1A(11108),목1B,목2A,",2 3전학과,교양,Y,실용적융복합,일반강의,대면,줌,대면,2026.04.21(화) 10:30,11108,"중간, 기말 시험시작 1주일 전에 안내함",2026,1,GEA8814,00,R,1,2026 - 1 학기 기초교양-AI융합기초
GEA8814(01),기초교양,인공지능과디지털사회★,3,3(0),30,60,0,22,31,7,90,61,0,23,30,8,남수태,"화1A(11108),화1B,화2A,목2B(11108),목3A,목3B,",2 3 4전학과,교양,Y,실용적융복합,일반강의,대면,줌,대면,2026.04.21(화) 09:00,11108,"중간, 기말 시험시작 1주일 전에 안내함",2026,1,GEA8814,01,R,1,2026 - 1 학기 기초교양-AI융합기초
GEA8814(02),기초교양,인공지능과디지털사회★,3,3(0),30,60,56,0,2,2,8,60,57,0,2,1,구금서,"월1A(11109),월1B,월2A,수2B(11109),수3A,수3B,",1 3 4전학과,교양,Y,실용적융복합,일반강의,대면,줌,대면,2026.04.20(월) 09:00,11109,"- 대면(지필 고사, 단답형 및 서술형) - 사진있는 실물 신분증 지 참(학생증, 운전면허증 등) - 실물 신분증이 없다면 시험 전 모바 일신분증 가능 - 계산 문제를 위한 빈 종이 사용 허용 * 부정행위 는 F or D0 학점 부여",2026,1,GEA8814,02,R,1,2026 - 1 학기 기초교양-AI융합기초
GEA8814(03),기초교양,인공지능과디지털사회★,3,3(0),30,60,60,0,0,0,1,61,61,0,0,0,구금서,"월2B(11109),월3A,월3B,수1A(11109),수1B,수2A,",1전학과,교양,Y,실용적융복합,일반강의,대면,줌,대면,2026.04.20(월) 10:30,11109,"- 대면(지필 고사, 단답형 및 서술형) - 사진있는 실물 신분증 지 참(학생증, 운전면허증 등) - 실물 신분증이 없다면 시험 전 모바 일신분증 가능 - 계산 문제를 위한 빈 종이 사용 허용 * 부정행위 는 F or D0 학점 부여",2026,1,GEA8814,03,R,1,2026 - 1 학기 기초교양-AI융합기초
GEA8510(00),기초교양,인문학글쓰기,3,3(0),30,36,36,0,0,0,0,36,36,0,0,0,김종현,"화1A(11104),화1B,화2A,목2B(11104),목3A,목3B,",1 2 3 4전학과,교양,Y,의사소통,일반강의,대면,미사용,,,11104,,2026,1,GEA8510,00,R,2,2026 - 1 학기 기초교양-열린사고와표현
GEA8510(01),기초교양,인문학글쓰기,3,3(0),30,36,36,0,0,0,0,36,36,0,0,0,김종현,"화2B(11104),화3A,화3B,목1A(11104),목1B,목2A,",1 2 3 4전학과,교양,Y,의사소통,일반강의,대면,미사용,,,11104,,2026,1,GEA8510,01,R,2,2026 - 1 학기 기초교양-열린사고와표현
GEA8510(02),기초교양,인문학글쓰기★,3,3(0),30,35,28,2,1,4,0,36,35,0,0,1,김상모,"월1A(11102),월1B,월2A,수2B(11102),수3A,수3B,",1 2 3 4전학과,교양,Y,,일반강의,대면,미사용,,,,,2026,1,GEA8510,02,R,2,2026 - 1 학기 기초교양-열린사고와표현
GEA8510(03),기초교양,인문학글쓰기★,3,3(0),30,36,32,0,2,2,0,36,35,0,0,1,김상모,"월2B(11102),월3A,월3B,수1A(11102),수1B,수2A,",1 2 3 4전학과,교양,Y,,일반강의,대면,미사용,,,,,2026,1,GEA8510,03,R,2,2026 - 1 학기 기초교양-열린사고와표현
GEA8511(00),기초교양,사회과학글쓰기★,3,3(0),30,38,37,0,0,1,1,38,37,0,0,1,조효주,"화7A(11102),화7B,화8A,목8B(11102),목9A,목9B,",1전학과,교양,Y,의사소통,일반강의,대면,미사용,대면,2026.06.16(화) 15:00,11102,"- 글쓰기 기초 이론에 대한 이해 정도를 평가하는 서술형 문제가 출제되므로 글쓰기의 이론의 기본 개념을 충실히 익혀야 한다. - 제시된 글을 읽고 글의 주제를 설정한 뒤 3단 구성의 짧은 글을 쓰는 글쓰기 문제가 출제되므로, 글의 구성과 문단의 요건, 바른 문장 쓰기를 학습해야 한다.",2026,1,GEA8511,00,R,2,2026 - 1 학기 기초교양-열린사고와표현
GEA8511(01),기초교양,사회과학글쓰기★,3,3(0),30,38,37,0,0,1,0,38,37,0,0,1,조효주,"화8B(11102),화9A,화9B,목7A(11102),목7B,목8A,",4전학과,교양,Y,의사소통,일반강의,대면,미사용,대면,2026.06.16(화) 16:30,11102,"- 글쓰기 기초 이론에 대한 이해 정도를 평가하는 서술형 문제가 출제되므로 글쓰기의 이론의 기본 개념을 충실히 익혀야 한다. - 제시된 글을 읽고 글의 주제를 설정한 뒤 3단 구성의 짧은 글을 쓰 는 글쓰기 문제가 출제되므로, 글의 구성과 문단의 요건, 바른 문 장 쓰기를 학습해야 한다.",2026,1,GEA8511,01,R,2,2026 - 1 학기 기초교양-열린사고와표현
GEA8511(02),기초교양,사회과학글쓰기★,3,3(0),30,36,32,0,0,4,0,36,34,0,0,2,정미진,"금4A(11103),금4B,금5A,금5B,금6A,금6B,",4전학과,교양,Y,의사소통,일반강의,대면,미사용,대면,2026.04.24(금) 14:00,11103,자세한 사항은 수업 중 별도 안내,2026,1,GEA8511,02,R,2,2026 - 1 학기 기초교양-열린사고와표현
GEA8511(03),기초교양,사회과학글쓰기★,3,3(0),30,38,38,0,0,0,0,38,38,0,0,0,정미진,"금7A(11103),금7B,금8A,금8B,금9A,금9B,",1전학과,교양,Y,의사소통,일반강의,대면,미사용,대면,2026.04.24(금) 15:00,11103,자세한 사항은 수업 시간 중 별도 안내,2026,1,GEA8511,03,R,2,2026 - 1 학기 기초교양-열린사고와표현
GEA8511(04),기초교양,사회과학글쓰기,3,3(0),30,36,34,1,0,1,0,36,34,1,0,1,박명숙,"월4A(11104),월4B,월5A,수5B(11104),수6A,수6B,",1 2 3 4전학과,교양,Y,의사소통,일반강의,대면,미사용,,,11104,,2026,1,GEA8511,04,R,2,2026 - 1 학기 기초교양-열린사고와표현
GEA8512(00),기초교양,과학기술글쓰기,3,3(0),30,35,34,0,0,1,1,35,33,0,0,2,박명숙,"월5B(11104),월6A,월6B,수4A(11104),수4B,수5A,",1 2 3 4전학과,교양,Y,의사소통,일반강의,대면,미사용,,,11104,,2026,1,GEA8512,00,R,2,2026 - 1 학기 기초교양-열린사고와표현
GEA8512(01),기초교양,과학기술글쓰기★,3,3(0),30,35,33,0,0,2,0,35,35,0,0,0,이희숙,"화1A(11103),화1B,화2A,목2B(11103),목3A,목3B,",1 2 3 4전학과,교양,Y,의사소통,일반강의,대면,줌,대면,2026.06.16(화) 09:00,11103,"시험 시간 : 75분 이내 • 준비물 : 학생증(신분증), 검정색 필기구, 수정 펜(테이프) 등 • 주의 사항 : 휴대폰 및 전자 기기 사용 금지",2026,1,GEA8512,01,R,2,2026 - 1 학기 기초교양-열린사고와표현
GEA8512(02),기초교양,과학기술글쓰기★,3,3(0),30,35,25,4,3,3,0,35,34,0,0,1,이희숙,"화2B(11103),화3A,화3B,목1A(11103),목1B,목2A,",1 2 3 4전학과,교양,Y,의사소통,일반강의,대면,줌,,,11103,"• 시험 시간 : 75분 이내 • 준비물 : 학생증(신분증), 검정색 필기구, 수정 펜(테이프) 등 • 주의 사항 : 휴대폰 및 전자 기기 사용 금지",2026,1,GEA8512,02,R,2,2026 - 1 학기 기초교양-열린사고와표현
GEA8512(03),기초교양,과학기술글쓰기,3,3(0),30,34,34,0,0,0,0,35,35,0,0,0,우은진,"화7A(11104),화7B,화8A,목8B(11104),목9A,목9B,",1 2 3 4전학과,교양,Y,의사소통,일반강의,대면,줌,,,11104,,2026,1,GEA8512,03,R,2,2026 - 1 학기 기초교양-열린사고와표현
GEA8512(04),기초교양,과학기술글쓰기,3,3(0),30,36,32,1,1,2,0,36,35,0,0,1,우은진,"화8B(11104),화9A,화9B,목7A(11104),목7B,목8A,",4 학과확인,교양,Y,의사소통,일반강의,대면,줌,,,11104,,2026,1,GEA8512,04,R,2,2026 - 1 학기 기초교양-열린사고와표현
GEA8512(05),기초교양,과학기술글쓰기★,3,3(0),30,35,35,0,0,0,0,35,35,0,0,0,이은진,"월7A(11103),월7B,월8A,수8B(11103),수9A,수9B,",1 2 3 4전학과,교양,Y,,일반강의,대면,미사용,,,,,2026,1,GEA8512,05,R,2,2026 - 1 학기 기초교양-열린사고와표현
GEA8512(06),기초교양,과학기술글쓰기★,3,3(0),30,36,35,1,0,0,0,36,35,1,0,0,이은진,"월8B(11103),월9A,월9B,수7A(11103),수7B,수8A,",1 2 3 4전학과,교양,Y,,일반강의,대면,미사용,,,,,2026,1,GEA8512,06,R,2,2026 - 1 학기 기초교양-열린사고와표현
GEA8512(07),기초교양,과학기술글쓰기★,3,3(0),30,35,35,0,0,0,1,35,35,0,0,0,류동일,"화1A(11102),화1B,화2A,목2B(11102),목3A,목3B,",1 2 3 4전학과,교양,Y,의사소통,일반강의,대면,미사용,대면,2026.06.16(화) 09:00,11102,1. 이론 이해 여부 점검: 1부 글쓰기의 기초 내용에 대한 이론 체화형 문제 2. 글쓰기 능력 점검: 2부 중 에세이 완성하기 점검 문제,2026,1,GEA8512,07,R,2,2026 - 1 학기 기초교양-열린사고와표현
GEA8512(08),기초교양,과학기술글쓰기★,3,3(0),30,36,36,0,0,0,0,36,36,0,0,0,류동일,"화2B(11102),화3A,화3B,목1A(11102),목1B,목2A,",1 2 3 4전학과,교양,Y,의사소통,일반강의,대면,미사용,대면,2026.06.16(화) 10:30,11102,1. 이론 이해 여부 점검: 1부 글쓰기의 기초 내용에 대한 이론 체화형 문제 2. 글쓰기 능력 점검: 2부 중 에세이 완성하기 점검 문제,2026,1,GEA8512,08,R,2,2026 - 1 학기 기초교양-열린사고와표현
GEA8512(09),기초교양,과학기술글쓰기,3,3(0),30,37,26,4,4,3,0,37,34,3,0,0,정희선,"금4A(11102),금4B,금5A,금5B,금6A,금6B,",1 2 3 4전학과,교양,Y,,일반강의,대면,미사용,,,,,2026,1,GEA8512,09,R,2,2026 - 1 학기 기초교양-열린사고와표현
GEA8512(10),기초교양,과학기술글쓰기,3,3(0),30,35,35,0,0,0,0,35,35,0,0,0,정희선,"금7A(11102),금7B,금8A,금8B,금9A,금9B,",1 2 3 4전학과,교양,Y,,일반강의,대면,미사용,,,,,2026,1,GEA8512,10,R,2,2026 - 1 학기 기초교양-열린사고와표현
GEA8512(11),기초교양,과학기술글쓰기,3,3(0),30,36,35,0,0,1,1,36,35,0,0,1,김현정,"월1A(11103),월1B,월2A,수2B(11103),수3A,수3B,",1 2 3 4전학과,교양,Y,,일반강의,대면,미사용,,,,,2026,1,GEA8512,11,R,2,2026 - 1 학기 기초교양-열린사고와표현
GEA8512(12),기초교양,과학기술글쓰기,3,3(0),30,36,36,0,0,0,0,36,36,0,0,0,김현정,"월2B(11103),월3A,월3B,수1A(11103),수1B,수2A,",1 2 3 4전학과,교양,Y,,일반강의,대면,미사용,,,,,2026,1,GEA8512,12,R,2,2026 - 1 학기 기초교양-열린사고와표현
GEA8512(13),기초교양,과학기술글쓰기,3,3(0),30,35,34,0,0,1,0,35,34,0,0,1,이주언,"월7A(11102),월7B,월8A,수8B(11102),수9A,수9B,",1 2 3 4전학과,교양,Y,의사소통,일반강의,대면,미사용,대면,2026.06.17(수) 15:00,11102,자료 읽고 요약하기(10) 경험과 생각 쓰기(20),2026,1,GEA8512,13,R,2,2026 - 1 학기 기초교양-열린사고와표현
GEA8512(14),기초교양,과학기술글쓰기,3,3(0),30,35,32,0,1,2,0,35,35,0,0,0,이주언,"월8B(11102),월9A,월9B,수7A(11102),수7B,수8A,",1 2 3 4전학과,교양,Y,의사소통,일반강의,대면,미사용,대면,2026.06.17(수) 16:30,11102,자료 읽고 요약하기(10) 경험과 생각 쓰기(20),2026,1,GEA8512,14,R,2,2026 - 1 학기 기초교양-열린사고와표현
GEA8656(00),기초교양,계열통합글쓰기(외국인)(외국인학생 전용),3,3(0),10,21,15,2,3,1,1,35,20,10,5,0,최연이,"월5B(11102),월6A,월6B,수4A(11102),수4B,수5A,",1 2 3 4전학과,교양,Y,의사소통,외국인전용강좌,대면,미사용,대면,2026.04.27(월) 13:30,11102,,2026,1,GEA8656,00,R,2,2026 - 1 학기 기초교양-열린사고와표현
GEA8704(00),기초교양,대학영어Ⅰ★,2,2(0),30,41,40,0,0,1,0,41,41,0,0,0,이지연,"화2A(11106),화2B,화3A,화3B,",1 2 3 4전학과,교양,Y,,일반강의,대면,미사용,,,,,2026,1,GEA8704,00,R,3,2026 - 1 학기 기초교양-글로벌의사소통
GEA8704(01),기초교양,대학영어Ⅰ★,2,2(0),30,41,40,1,0,0,1,41,40,1,0,0,이지연,"화5A(11106),화5B,화6A,화6B,",1 2 3 4전학과,교양,Y,,일반강의,대면,미사용,,,,,2026,1,GEA8704,01,R,3,2026 - 1 학기 기초교양-글로벌의사소통
GEA8704(02),기초교양,대학영어Ⅰ★,2,2(0),30,41,40,0,0,1,0,41,40,0,0,1,이지연,"화7A(11106),화7B,화8A,화8B,",1 2 3 4전학과,교양,Y,,일반강의,대면,미사용,,,,,2026,1,GEA8704,02,R,3,2026 - 1 학기 기초교양-글로벌의사소통
GEA8704(03),기초교양,대학영어Ⅰ★,2,2(0),30,40,37,1,0,2,0,41,38,1,0,2,지희정,"월2A(11105),월2B,월3A,월3B,",2 학과확인,교양,Y,글로벌,일반강의,대면,미사용,,,11105,,2026,1,GEA8704,03,R,3,2026 - 1 학기 기초교양-글로벌의사소통
GEA8704(04),기초교양,대학영어Ⅰ★,2,2(0),30,41,41,0,0,0,0,41,41,0,0,0,지희정,"월5A(11105),월5B,월6A,월6B,",1 2 3 4전학과,교양,Y,,일반강의,대면,미사용,,,,,2026,1,GEA8704,04,R,3,2026 - 1 학기 기초교양-글로벌의사소통
GEA8704(05),기초교양,대학영어Ⅰ★,2,2(0),30,41,41,0,0,0,0,41,41,0,0,0,정영애,"수2A(11106),수2B,수3A,수3B,",1 2 3 4전학과,교양,Y,글로벌,일반강의,대면,미사용,,,11106,,2026,1,GEA8704,05,R,3,2026 - 1 학기 기초교양-글로벌의사소통
GEA8704(06),기초교양,대학영어Ⅰ★,2,2(0),30,42,40,0,1,1,0,42,41,0,0,1,정영애,"수5A(11106),수5B,수6A,수6B,",1 2 3 4전학과,교양,Y,글로벌,일반강의,대면,미사용,,,11106,,2026,1,GEA8704,06,R,3,2026 - 1 학기 기초교양-글로벌의사소통
GEA8704(07),기초교양,대학영어Ⅰ★,2,2(0),30,40,39,1,0,0,0,41,40,1,0,0,정영애,"수7A(11106),수7B,수8A,수8B,",1 2 3 4전학과,교양,Y,글로벌,일반강의,대면,미사용,,,11106,,2026,1,GEA8704,07,R,3,2026 - 1 학기 기초교양-글로벌의사소통
GEA8704(08),기초교양,대학영어Ⅰ★,2,2(0),30,43,38,2,1,2,0,43,40,1,2,0,정영애,"목2A(11106),목2B,목3A,목3B,",1 2 3 4전학과,교양,Y,글로벌,일반강의,대면,미사용,,,11106,,2026,1,GEA8704,08,R,3,2026 - 1 학기 기초교양-글로벌의사소통
GEA8704(09),기초교양,대학영어Ⅰ★,2,2(0),30,41,39,1,0,1,0,41,39,1,0,1,지희정,"월7A(11106),월7B,월8A,월8B,",1 2 3 4전학과,교양,Y,,일반강의,대면,미사용,,,,,2026,1,GEA8704,09,R,3,2026 - 1 학기 기초교양-글로벌의사소통
GEA8704(10),기초교양,대학영어Ⅰ,2,2(0),30,40,39,1,0,0,0,41,40,0,1,0,주우정,"수2A(11105),수2B,수3A,수3B,",3 학과확인,교양,Y,글로벌,일반강의,대면,미사용,,,11105,,2026,1,GEA8704,10,R,3,2026 - 1 학기 기초교양-글로벌의사소통
GEA8704(11),기초교양,대학영어Ⅰ,2,2(0),30,42,41,1,0,0,0,42,41,1,0,0,주우정,"수5A(11105),수5B,수6A,수6B,",1 2 3 4전학과,교양,Y,글로벌,일반강의,대면,미사용,,,11105,,2026,1,GEA8704,11,R,3,2026 - 1 학기 기초교양-글로벌의사소통
GEA8704(12),기초교양,대학영어Ⅰ,2,2(0),30,42,41,1,0,0,0,42,41,1,0,0,주우정,"수7A(11105),수7B,수8A,수8B,",1 2 3 4전학과,교양,Y,글로벌,일반강의,대면,미사용,,,11105,,2026,1,GEA8704,12,R,3,2026 - 1 학기 기초교양-글로벌의사소통
GEA8704(13),기초교양,대학영어Ⅰ★,2,2(0),30,42,42,0,0,0,0,42,42,0,0,0,박은경,"목2A(11105),목2B,목3A,목3B,",1 2 3 4전학과,교양,Y,글로벌,일반강의,대면,미사용,,,11105,,2026,1,GEA8704,13,R,3,2026 - 1 학기 기초교양-글로벌의사소통
GEA8704(14),기초교양,대학영어Ⅰ★,2,2(0),30,41,41,0,0,0,1,41,40,0,0,1,박은경,"목5A(11105),목5B,목6A,목6B,",1 2 3 4전학과,교양,Y,글로벌,일반강의,대면,미사용,,,11105,,2026,1,GEA8704,14,R,3,2026 - 1 학기 기초교양-글로벌의사소통
GEA8704(15),기초교양,대학영어Ⅰ★,2,2(0),30,43,43,0,0,0,0,43,43,0,0,0,박은경,"목7A(11105),목7B,목8A,목8B,",1 2 3 4전학과,교양,Y,글로벌,일반강의,대면,미사용,,,11105,,2026,1,GEA8704,15,R,3,2026 - 1 학기 기초교양-글로벌의사소통
GEA8704(16),기초교양,대학영어Ⅰ,2,2(0),30,41,41,0,0,0,0,41,41,0,0,0,안지현,"화5A(11103),화5B,화6A,화6B,",1 2 3 4전학과,교양,Y,글로벌,일반강의,대면,미사용,,,11109,,2026,1,GEA8704,16,R,3,2026 - 1 학기 기초교양-글로벌의사소통
GEA8704(17),기초교양,대학영어Ⅰ,2,2(0),30,41,40,0,1,0,0,41,40,0,1,0,안지현,"화7A(11103),화7B,화8A,화8B,",3 학과확인,교양,Y,글로벌,일반강의,대면,미사용,,,11109,,2026,1,GEA8704,17,R,3,2026 - 1 학기 기초교양-글로벌의사소통
GEA8704(18),기초교양,대학영어Ⅰ,2,2(0),30,42,42,0,0,0,0,42,42,0,0,0,안지현,"목5A(11103),목5B,목6A,목6B,",1 2 3 4전학과,교양,Y,글로벌,일반강의,대면,미사용,,,11108,,2026,1,GEA8704,18,R,3,2026 - 1 학기 기초교양-글로벌의사소통
GEA8704(19),기초교양,대학영어Ⅰ,2,2(0),30,43,39,2,2,0,0,43,41,0,2,0,안지현,"목7A(11103),목7B,목8A,목8B,",1 2 3 4전학과,교양,Y,글로벌,일반강의,대면,미사용,,,11108,,2026,1,GEA8704,19,R,3,2026 - 1 학기 기초교양-글로벌의사소통
GEA8705(00),기초교양,대학영어Ⅱ(100% 영어로 진행 강의),2,2(0),15,18,17,0,1,0,0,18,18,0,0,0,딜로렌조 마이클 브루노,"월5A(98413),월5B,월6A,월6B,",1 2 3 4전학과,교양,N,글로벌,영어강의,대면,미사용,,,98413,,2026,1,GEA8705,00,R,3,2026 - 1 학기 기초교양-글로벌의사소통
GEA8705(01),기초교양,대학영어Ⅱ(100% 영어로 진행 강의),2,2(0),15,18,18,0,0,0,1,18,18,0,0,0,홀스트 러셀 존 윌리엄,"월5A(98418),월5B,월6A,월6B,",1 2 3 4전학과,교양,N,글로벌,영어강의,대면,미사용,,,98418,,2026,1,GEA8705,01,R,3,2026 - 1 학기 기초교양-글로벌의사소통
GEA8705(02),기초교양,대학영어Ⅱ(100% 영어로 진행 강의)★,2,2(0),15,18,18,0,0,0,1,18,18,0,0,0,박은주,"월5A(11201),월5B,월6A,월6B,",1 2 3 4전학과,교양,N,글로벌,영어강의,대면,미사용,,,11201,,2026,1,GEA8705,02,R,3,2026 - 1 학기 기초교양-글로벌의사소통
GEA8705(03),기초교양,대학영어Ⅱ(100% 영어로 진행 강의),2,2(0),15,18,18,0,0,0,0,18,18,0,0,0,클램피트 사이먼 제임스,"월7A(98413),월7B,월8A,월8B,",1 2 3 4전학과,교양,N,글로벌,영어강의,대면,미사용,,,98413,,2026,1,GEA8705,03,R,3,2026 - 1 학기 기초교양-글로벌의사소통
GEA8705(04),기초교양,대학영어Ⅱ(100% 영어로 진행 강의),2,2(0),15,18,18,0,0,0,0,18,18,0,0,0,홀스트 러셀 존 윌리엄,"월7A(98418),월7B,월8A,월8B,",1 2 3 4전학과,교양,N,글로벌,영어강의,대면,미사용,,,98418,,2026,1,GEA8705,04,R,3,2026 - 1 학기 기초교양-글로벌의사소통
GEA8705(05),기초교양,대학영어Ⅱ(100% 영어로 진행 강의),2,2(0),15,18,18,0,0,0,0,18,18,0,0,0,클램피트 사이먼 제임스,"화5A(98418),화5B,화6A,화6B,",1 2 3 4전학과,교양,N,글로벌,영어강의,대면,미사용,,,98418,,2026,1,GEA8705,05,R,3,2026 - 1 학기 기초교양-글로벌의사소통
GEA8705(06),기초교양,대학영어Ⅱ(100% 영어로 진행 강의),2,2(0),15,18,18,0,0,0,0,18,18,0,0,0,남지희,"화5A(98413),화5B,화6A,화6B,",1 2 3 4전학과,교양,N,글로벌,영어강의,대면,미사용,,,98413,,2026,1,GEA8705,06,R,3,2026 - 1 학기 기초교양-글로벌의사소통
GEA8705(07),기초교양,대학영어Ⅱ(100% 영어로 진행 강의),2,2(0),15,18,18,0,0,0,0,18,18,0,0,0,딜로렌조 마이클 브루노,"화7A(98418),화7B,화8A,화8B,",1 2 3 4전학과,교양,N,글로벌,영어강의,대면,미사용,,,98418,,2026,1,GEA8705,07,R,3,2026 - 1 학기 기초교양-글로벌의사소통
GEA8705(08),기초교양,대학영어Ⅱ(100% 영어로 진행 강의),2,2(0),15,18,18,0,0,0,0,18,18,0,0,0,딜로렌조 마이클 브루노,"수5A(98413),수5B,수6A,수6B,",1 2 3 4전학과,교양,N,글로벌,영어강의,대면,미사용,,,98413,,2026,1,GEA8705,08,R,3,2026 - 1 학기 기초교양-글로벌의사소통
GEA8705(09),기초교양,대학영어Ⅱ(100% 영어로 진행 강의),2,2(0),15,18,18,0,0,0,0,18,18,0,0,0,홀스트 러셀 존 윌리엄,"수5A(98418),수5B,수6A,수6B,",1 2 3 4전학과,교양,N,글로벌,영어강의,대면,미사용,,,98418,,2026,1,GEA8705,09,R,3,2026 - 1 학기 기초교양-글로벌의사소통
GEA8705(10),기초교양,대학영어Ⅱ(100% 영어로 진행 강의),2,2(0),15,18,17,0,1,0,0,18,18,0,0,0,홀스트 러셀 존 윌리엄,"수7A(98418),수7B,수8A,수8B,",1 2 3 4전학과,교양,N,글로벌,영어강의,대면,미사용,,,98418,,2026,1,GEA8705,10,R,3,2026 - 1 학기 기초교양-글로벌의사소통
GEA8705(11),기초교양,대학영어Ⅱ(100% 영어로 진행 강의),2,2(0),15,18,18,0,0,0,1,18,18,0,0,0,클램피트 사이먼 제임스,"수7A(98413),수7B,수8A,수8B,",1 2 3 4전학과,교양,N,글로벌,영어강의,대면,미사용,,,98413,,2026,1,GEA8705,11,R,3,2026 - 1 학기 기초교양-글로벌의사소통
GEA8705(12),기초교양,대학영어Ⅱ(100% 영어로 진행 강의),2,2(0),15,18,18,0,0,0,0,18,18,0,0,0,클램피트 사이먼 제임스,"목5A(98418),목5B,목6A,목6B,",1 2 3 4전학과,교양,N,글로벌,영어강의,대면,미사용,,,98418,,2026,1,GEA8705,12,R,3,2026 - 1 학기 기초교양-글로벌의사소통
GEA8705(13),기초교양,대학영어Ⅱ(100% 영어로 진행 강의),2,2(0),15,18,18,0,0,0,0,18,18,0,0,0,딜로렌조 마이클 브루노,"목7A(98418),목7B,목8A,목8B,",1 2 3 4전학과,교양,N,글로벌,영어강의,대면,미사용,,,98418,,2026,1,GEA8705,13,R,3,2026 - 1 학기 기초교양-글로벌의사소통
GEA7543(00),균교,데이터과학과인공지능입문코딩,3,3(0),30,41,13,6,6,16,57,41,10,5,8,18,박동규,"화5B(T98202),화6A,화6B,목4A(T98202),목4B,목5A,",1전학과,교양,Y,창의적사고,일반강의,대면,미사용,,,T98202,추후 학기중 공지합니다.,2026,1,GEA7543,00,R,4,2026 - 1 학기 균형교양-디지털커뮤니케이션
GEA8633(00),균교,디지털시대의e-헬스리터러시,2,2(0),30,40,18,12,4,6,109,40,20,10,5,5,전미경,"수2A(N98304),수2B,수3A,수3B,",1 2 3 4전학과,교양,Y,,일반강의,대면,미사용,,,,,2026,1,GEA8633,00,R,4,2026 - 1 학기 균형교양-디지털커뮤니케이션
GEA8658(00),균교,디지털협력기반문제중심학습(DC-PBL),3,3(0),30,31,11,9,7,4,89,31,10,10,5,6,김성도,"화4A(11105),화4B,화5A,화5B,화6A,화6B,",1 2 3 4전학과,교양,Y,,일반강의,대면,미사용,,,,,2026,1,GEA8658,00,R,4,2026 - 1 학기 균형교양-디지털커뮤니케이션
GEA8658(01),균교,디지털협력기반문제중심학습(DC-PBL),3,3(0),30,39,10,13,6,10,65,39,10,14,5,10,김다정,"화1A(11206),화1B,화2A,목2B(11206),목3A,목3B,",1 2 3 4 학과확인,교양,Y,의사소통,일반강의,대면,미사용,,,11206,,2026,1,GEA8658,01,R,4,2026 - 1 학기 균형교양-디지털커뮤니케이션
GEA8659(00),균교,디지털시대의글로벌리더십Ⅰ-AdventureDesign,3,3(0),30,35,16,10,6,3,85,35,15,10,5,5,우선영,"화4A(86101),화4B,화5A,목5B(86101),목6A,목6B,",1 2 3 4전학과,교양,Y,,일반강의,대면,미사용,,,,,2026,1,GEA8659,00,R,4,2026 - 1 학기 균형교양-디지털커뮤니케이션
GEA8660(00),균교,디지털시대의미디어와개인★,3,3(0),30,85,32,18,16,19,38,85,30,20,16,19,구자은,"금4A(22104),금4B,금5A,금5B,금6A,금6B,",1 2 3 4전학과,교양,Y,의사소통,일반강의,대면,미사용,,,22104,,2026,1,GEA8660,00,R,4,2026 - 1 학기 균형교양-디지털커뮤니케이션
GEA8672(00),균교,디지털혁신과일상의공간환경디자인,3,3(0),30,130,35,49,30,16,85,131,35,53,31,12,이재호,"금1A(사림강당),금1B,금2A,금2B,금3A,금3B,",1 2 3 4전학과,교양,Y,창의적사고,일반강의,대면,미사용,대면,2026.04.24(금) 09:30,사림강당,,2026,1,GEA8672,00,R,4,2026 - 1 학기 균형교양-디지털커뮤니케이션
GEA8673(00),균교,메이커문화와창업,3,3(0),30,39,13,7,10,9,17,41,10,11,10,10,이병훈,"수7A(81101),수7B,수8A,수8B,수9A,수9B,",1 2 3 4전학과,교양,Y,,일반강의,대면,미사용,,,,,2026,1,GEA8673,00,R,4,2026 - 1 학기 균형교양-디지털커뮤니케이션
GEA8801(00),균교,AI융합아카데미,2,1(2),20,32,19,13,0,0,15,32,20,12,0,0,허혜연,"월2A(11312),월2B,월3A,월3B,월4A,월4B,",1 2전학과,교양,N,실용적융복합,일반강의,대면,미사용,,,11312,,2026,1,GEA8801,00,R,4,2026 - 1 학기 균형교양-디지털커뮤니케이션
GEA8806(00),균교,패션과테크놀로지,3,2(2),20,33,14,8,6,5,4,35,10,10,9,6,김지은,"월7A(전산216),월7B,월8A,월8B,월9A,월9B,월10A,월10B,",1 2 3 4전학과,교양,Y,창의적사고,일반강의,대면,미사용,대면,2026.04.20(월) 15:00,전산216,객관식 + 서술형 평가,2026,1,GEA8806,00,R,4,2026 - 1 학기 균형교양-디지털커뮤니케이션
GEA8802(00),균교,인간지능과인공지능,3,3(0),30,36,11,9,6,10,36,37,11,10,7,9,김다정,"화2B(11206),화3A,화3B,목1A(11206),목1B,목2A,",1 2 3 4 학과확인,공학융합학부,Y,창의적사고,일반강의,대면,미사용,,,11206,,2026,1,GEA8802,00,R,4,2026 - 1 학기 균형교양-디지털커뮤니케이션
GEA7564(00),균교,디지털사회의이해,3,3(0),30,55,25,14,8,8,87,55,27,10,6,12,박지훈,"금7A(22104),금7B,금8A,금8B,금9A,금9B,",1 2 3 4전학과,사회학과,Y,실용적융복합,일반강의,대면,미사용,,,22104,,2026,1,GEA7564,00,R,4,2026 - 1 학기 균형교양-디지털커뮤니케이션
GEA7261(00),균교,컴퓨터프로그래밍,3,2(2),20,29,27,0,2,0,0,33,32,0,1,0,이희숙,"금1A(50202),금1B,금2A,금2B,금3A,금3B,금4A,금4B,",학과확인,컴퓨터공학과,Y,실용적융복합,일반강의,대면,미사용,,,50202,,2026,1,GEA7261,00,R,4,2026 - 1 학기 균형교양-디지털커뮤니케이션
GEA7565(00),균교,컴퓨터시스템입문,2,1(2),20,36,5,8,8,15,22,36,10,8,8,10,강문혜,"금1A(BAC203),금1B,금2A,금2B,금3A,금3B,",1 2 3 4전학과,컴퓨터공학과,Y,실용적융복합,일반강의,대면,미사용,,,BAC203,수업강의실에서 수업시간에 시험있습니다.,2026,1,GEA7565,00,R,4,2026 - 1 학기 균형교양-디지털커뮤니케이션
GEA7565(01),균교,컴퓨터시스템입문,2,1(2),20,35,8,8,11,8,19,36,10,8,8,10,강문혜,"금4A(BAC203),금4B,금5A,금5B,금6A,금6B,",1 2 3 4전학과,컴퓨터공학과,Y,실용적융복합,일반강의,대면,미사용,대면,2026.04.24(금) 12:00,BAC203,수업시간 수업 강의실에서 시험칩니다.,2026,1,GEA7565,01,R,4,2026 - 1 학기 균형교양-디지털커뮤니케이션
GEA7565(02),균교,컴퓨터시스템입문,2,1(2),20,34,11,9,7,7,87,34,8,8,8,10,노윤호,"화4A(11312),화4B,화5A,화5B,화6A,화6B,",1 2 3 4전학과,컴퓨터공학과,Y,,일반강의,대면,미사용,,,,,2026,1,GEA7565,02,R,4,2026 - 1 학기 균형교양-디지털커뮤니케이션
GEA8585(00),균교,문학과인간,3,3(0),30,60,38,12,5,5,14,60,35,13,4,8,이남정,"월5B(B21117),월6A,월6B,수4A(B21117),수4B,수5A,",1 2 3 4전학과,국어국문학과,Y,실용적융복합,일반강의,대면,미사용,,,B21117,,2026,1,GEA8585,00,R,5,2026 - 1 학기 균형교양-인문예술
GEA8586(00),균교,한국영화인문학의이해,3,3(0),30,59,33,16,5,5,35,60,30,11,10,9,김형수,"화4A(B21117),화4B,화5A,목5B(B21117),목6A,목6B,",1 2 3 4전학과,국어국문학과,N,창의적사고,일반강의,대면,미사용,대면,2026.06.16(화) 12:00,B21117,서술형,2026,1,GEA8586,00,R,5,2026 - 1 학기 균형교양-인문예술
GEA8586(60),균교,한국영화인문학의이해,3,3(0),20,55,34,9,6,6,1,60,24,22,10,4,김형수,"화10A(B21117),화10B,화11A,목10A(B21117),목10B,목11A,",1 2 3 4전학과,국어국문학과,N,창의적사고,일반강의,대면,미사용,대면,2026.06.16(화) 18:20,B21117,서술형,2026,1,GEA8586,60,R,5,2026 - 1 학기 균형교양-인문예술
GEA8663(00),균교,고전문학에서찾은사랑('한국민속의 이해' 대체 과목),3,3(0),30,47,31,7,2,7,5,60,31,15,7,7,손대현,"금4A(B21117),금4B,금5A,금5B,금6A,금6B,",1 2 3 4전학과,국어국문학과,Y,의사소통,일반강의,대면,미사용,대면,2026.04.24(금) 12:00,B21117,,2026,1,GEA8663,00,R,5,2026 - 1 학기 균형교양-인문예술
GEA8664(00),균교,뉴미디어시대의국어맞춤법('청소년문학의 세계' 대체 과목),3,3(0),30,38,14,13,5,6,19,40,13,14,7,6,안정아,"월2B(11108),월3A,월3B,수1A(11108),수1B,수2A,",1 2 3 4전학과,국어국문학과,Y,의사소통,일반강의,대면,미사용,대면,2026.04.27(월) 10:30,11108,"지필고사(단답형, 서술형) ※ 시험에 대한 평가 기준은 시험 전 출제 유형에 맞게 안내 예정",2026,1,GEA8664,00,R,5,2026 - 1 학기 균형교양-인문예술
GEA8665(00),균교,키워드로읽는현대문학('세계화시대의 북한문학' 대체 과목),3,3(0),30,57,41,14,1,1,7,60,30,24,3,3,박종순,"화2B(B21117),화3A,화3B,목1A(B21117),목1B,목2A,",1 2 3 4전학과,국어국문학과,Y,의사소통,일반강의,대면,미사용,,,B21117,,2026,1,GEA8665,00,R,5,2026 - 1 학기 균형교양-인문예술
GEA5045(00),균교,유럽문화이야기,3,3(0),30,39,17,12,5,5,25,39,17,12,5,5,황미은,"월7A(11415),월7B,월8A,수8B(11415),수9A,수9B,",1 2 3 4전학과,독어독문학과,Y,글로벌,일반강의,대면,미사용,,,11415,,2026,1,GEA5045,00,R,5,2026 - 1 학기 균형교양-인문예술
GEA7500(00),균교,세계와한국,3,3(0),30,40,20,14,2,4,62,40,20,14,2,4,장영익,"화4A(11415),화4B,화5A,목5B(11415),목6A,목6B,",1 2 3 4전학과,독어독문학과,Y,글로벌,일반강의,대면,미사용,,,11415,,2026,1,GEA7500,00,R,5,2026 - 1 학기 균형교양-인문예술
GEA8667(00),균교,글로컬문화비교,3,3(0),30,31,23,4,2,2,2,32,23,4,3,2,황미은,"월8B(11415),월9A,월9B,수7A(11415),수7B,수8A,",1 2 3 4전학과,독어독문학과,Y,글로벌,일반강의,대면,미사용,,,11415,,2026,1,GEA8667,00,R,5,2026 - 1 학기 균형교양-인문예술
GEA6021(00),균교,대중문화기호읽기,3,3(0),30,38,19,10,3,6,5,38,15,14,5,4,박수현,"월2B(11206),월3A,월3B,수1A(11206),수1B,수2A,",1 2 3 4전학과,불어불문학과,Y,창의적사고,일반강의,대면,미사용,,,,,2026,1,GEA6021,00,R,5,2026 - 1 학기 균형교양-인문예술
GEA7322(00),균교,한국의문화유산,3,3(0),30,40,18,11,7,4,7,40,20,10,5,5,양화영,"화1A(11412),화1B,화2A,목2B(11412),목3A,목3B,",1 2 3 4전학과,사학과,Y,지역형리더,일반강의,대면,미사용,,,,,2026,1,GEA7322,00,R,5,2026 - 1 학기 균형교양-인문예술
GEA7323(00),균교,한국사의이해,3,3(0),30,40,24,7,4,5,12,40,20,10,5,5,안홍좌,"화2B(B21116),화3A,화3B,목1A(B21116),목1B,목2A,",1 2 3 4전학과,사학과,Y,창의적사고,일반강의,대면,미사용,,,수업강의실,"기말고사만 진행하며, 서술형 예정.",2026,1,GEA7323,00,R,5,2026 - 1 학기 균형교양-인문예술
GEA7324(00),균교,민중으로본한국역사,3,3(0),30,40,22,13,3,2,22,40,20,10,5,5,김양훈,"월4A(11109),월4B,월5A,수5B(11109),수6A,수6B,",1 2 3 4전학과,사학과,Y,창의적사고,일반강의,대면,미사용,,,,,2026,1,GEA7324,00,R,5,2026 - 1 학기 균형교양-인문예술
GEA8513(00),균교,한국의역사와기억,3,3(0),30,60,32,19,4,5,13,65,30,20,7,8,신은제,"월8B(11109),월9A,월9B,수7A(11109),수7B,수8A,",1 2 3 4전학과,사학과,Y,창의적사고,일반강의,대면,미사용,,,11109,,2026,1,GEA8513,00,R,5,2026 - 1 학기 균형교양-인문예술
GEA8637(00),균교,동아시아역사와문화,3,3(0),30,55,35,13,3,4,9,57,32,15,5,5,방국화,"금4A(인문홀),금4B,금5A,금5B,금6A,금6B,",1 학과확인,사학과,Y,글로벌,일반강의,대면,미사용,,,,,2026,1,GEA8637,00,R,5,2026 - 1 학기 균형교양-인문예술
GEA8638(00),균교,콘텐츠로보는서양예술문화사,3,3(0),30,34,21,7,2,4,5,35,15,10,5,5,구지훈,"월1A(11104),월1B,월2A,수2B(11104),수3A,수3B,",1 2 3 4전학과,사학과,Y,창의적사고,일반강의,대면,미사용,,,,,2026,1,GEA8638,00,R,5,2026 - 1 학기 균형교양-인문예술
GEA5046(00),균교,영상을통해본일본문화,3,3(0),30,59,25,16,8,10,23,60,15,15,15,15,이정은,"화8B(사림강당),화9A,화9B,목7A(사림강당),목7B,목8A,",1 2 3 4 학과확인,일어일문학과,Y,글로벌,일반강의,대면,미사용,대면,2026.04.21(화) 15:00,사림강당,"중간시험 -객관식:5문, 주관식단답: 5문, 주관식서술형 : 1문 선택형 기말시험 - 객관식: 5문, 주관식단답: 5문, 주관식서술형 : 1문 선택형",2026,1,GEA5046,00,R,5,2026 - 1 학기 균형교양-인문예술
GEA2013(00),균교,인생론,3,3(0),30,84,54,18,7,5,23,84,38,27,9,10,추군식,"화1A(B21116),화1B,화2A,목2B(B21116),목3A,목3B,",1 2 3 4전학과,철학과,Y,,일반강의,대면,미사용,,,,,2026,1,GEA2013,00,R,5,2026 - 1 학기 균형교양-인문예술
GEA2014(00),균교,성과사랑의철학,3,3(0),30,50,30,12,4,4,5,55,25,22,3,5,"강지연,정영준","월1A(11108),월1B,월2A,수2B(11108),수3A,수3B,",1 2 3 4전학과,철학과,Y,창의적사고,일반강의,대면,미사용,대면,2026.04.22(수) 10:30,11108,중간고사 날짜나 시험방식변경시 홈피 통해 고지. 기말고사 16주차 수요일 수업시간 예정,2026,1,GEA2014,00,R,5,2026 - 1 학기 균형교양-인문예술
GEA8548(00),균교,영상을통해본동아시아문명과철학,3,3(0),30,81,41,26,6,8,13,84,39,25,10,10,송정애,"화4A(B21116),화4B,화5A,목5B(B21116),목6A,목6B,",1 2 3 4전학과,철학과,Y,글로벌,일반강의,대면,미사용,대면,2026.04.23(목) 13:30,B21116,"중간고사, 기말고사 객관식, 단답형 주관식, 서술형 문제 출제",2026,1,GEA8548,00,R,5,2026 - 1 학기 균형교양-인문예술
GEA8706(00),균교,철학의문제와이론들,3,3(0),30,70,37,21,4,8,22,71,33,20,10,8,이선화,"화5B(B21116),화6A,화6B,목4A(B21116),목4B,목5A,",1 2 3 4전학과,철학과,Y,창의적사고,일반강의,대면,미사용,,,,,2026,1,GEA8706,00,R,5,2026 - 1 학기 균형교양-인문예술
GEA8707(00),균교,지구화시대의종교,3,3(0),30,78,50,20,2,6,7,83,39,32,6,6,이상환,"화7A(B21116),화7B,화8A,목8B(B21116),목9A,목9B,",1 2 3 4전학과,철학과,Y,창의적사고,일반강의,대면,미사용,대면,2026.04.23(목) 16:30,B21116,,2026,1,GEA8707,00,R,5,2026 - 1 학기 균형교양-인문예술
GEA8708(00),균교,지구촌시대의성공과행복의철학,3,3(0),30,48,28,14,2,4,11,50,25,15,5,5,송정애,"화5B(11206),화6A,화6B,목4A(11206),목4B,목5A,",1 2 3 4전학과,철학과,Y,창의적사고,일반강의,대면,미사용,대면,2026.06.18(목) 12:00,11206,"형식: 서술형 내용: 본 강의를 듣는 동안 변화한 점이나 느낀 점, 깨달은 점을 자유롭 게 서술한다.",2026,1,GEA8708,00,R,5,2026 - 1 학기 균형교양-인문예술
GEA8651(00),균교,전염병의세계사,3,3(0),30,62,35,16,7,4,80,62,32,15,10,5,손성욱,"화2B(22104),화3A,화3B,목1A(22104),목1B,목2A,",1 2 3 4전학과,교양,Y,창의적사고,일반강의,대면,미사용,,,,,2026,1,GEA8651,00,R,5,2026 - 1 학기 균형교양-인문예술
GEA8675(00),균교,교류분석:AI시대내마음의열쇠찾기,3,3(0),30,50,23,11,11,5,10,50,20,10,10,10,김미연,"화2B(11205),화3A,화3B,목1A(11205),목1B,목2A,",1 2 3 4전학과,교양,Y,,일반강의,대면,미사용,,,,,2026,1,GEA8675,00,R,5,2026 - 1 학기 균형교양-인문예술
GEA8703(00),균교,우리시대의윤리★,2,2(0),30,61,0,36,15,10,54,61,0,32,20,9,박대원,"금2A(11109),금2B,금3A,금3B,",2 3 4 학과확인,교양,Y,창의적사고,일반강의,대면,미사용,,,11109,,2026,1,GEA8703,00,R,5,2026 - 1 학기 균형교양-인문예술
GEA8703(01),균교,우리시대의윤리★,2,2(0),30,53,0,34,11,8,37,56,0,36,13,7,박대원,"금5A(11109),금5B,금6A,금6B,",2 3 4 학과확인,교양,Y,창의적사고,일반강의,대면,미사용,,,11109,,2026,1,GEA8703,01,R,5,2026 - 1 학기 균형교양-인문예술
GEA8703(02),균교,우리시대의윤리,2,2(0),30,56,21,26,2,7,9,56,15,36,2,3,남재민,"월1A(B21116),월1B,월2A,월2B,",1 2 3 4전학과,교양,Y,,일반강의,대면,미사용,,,,,2026,1,GEA8703,02,R,5,2026 - 1 학기 균형교양-인문예술
GEA8703(03),균교,우리시대의윤리,2,2(0),30,60,22,30,7,1,8,60,22,31,6,1,남재민,"월3A(B21116),월3B,월4A,월4B,",1 2 3 4전학과,교양,Y,,일반강의,대면,미사용,,,,,2026,1,GEA8703,03,R,5,2026 - 1 학기 균형교양-인문예술
GLA0005(00),균교,"세계영화기행(GeLC 컨소시엄 교과목(시스템사용료: 24,000원)미납 시 수강 불가/시험시간필수확인)(유료강좌)",3,3(0),1,93,20,24,25,24,62,99,24,25,25,25,강사,,1 2 3 4전학과,교양,N,글로벌,원격수업,동영상,미사용,,,,중간고사: 2026.4.25.(토) 13:00~ 기말고사: 2026.6.13.(토) 13:00~,2026,1,GLA0005,00,R,5,2026 - 1 학기 균형교양-인문예술
KCA0018(00),균교,"사례를통해서배우는갈등해결의지혜(KCU 컨소시엄 교과목 ※ 수강료(24,000원)미납 시 수강 불가)(유료강좌)",3,3(0),1,178,40,50,37,51,58,180,40,40,49,51,강사,,1 2 3 4전학과,교양,N,지역형리더,원격수업,동영상,미사용,,,,* 기말고사: 2026.6.06.(토)~6.12.(금),2026,1,KCA0018,00,R,5,2026 - 1 학기 균형교양-인문예술
OCA0031(00),균교,"생활속의심리학(OCU컨소시엄 교과목 ※수강료(24,000원) 미납 시 수강 불가)(유료강좌)",3,3(0),0,85,23,21,19,22,201,85,20,21,20,24,강사,,1 2 3 4전학과,교양,N,실용적융복합,원격수업,동영상,미사용,,,,중간고사 기간(수업과 병행 실시) : 4월 13일(월) ~ 5월 03일(일) 기말고사 기간(수업과 병행 실시) : 6월 01일(월) ~ 6월 14일(일),2026,1,OCA0031,00,R,5,2026 - 1 학기 균형교양-인문예술
OCA0037(00),균교,"인문학과자기경영의만남(OCU 컨소시엄 교과목 ※ 수강료(24,000원)미납 시 수강 불가)(유료강좌)",3,3(0),0,118,30,38,25,25,41,120,30,30,30,30,강사,,1 2 3 4전학과,교양,N,실용적융복합,원격수업,동영상,미사용,,,,중간고사 기간(수업과 병행 실시) : 4월 13일(월) ~ 5월 03일(일) 기말고사 기간(수업과 병행 실시) : 6월 01일(월) ~ 6월 14일(일),2026,1,OCA0037,00,R,5,2026 - 1 학기 균형교양-인문예술
OCA0041(00),균교,"마음을읽어주는미술치료(KCU 컨소시엄 교과목 ※ 수강료(24,000원)미납 시 수강 불가)(유료강좌)",3,3(0),0,78,21,23,20,14,272,79,20,20,20,19,강사,,1 2 3 4전학과,교양,N,실용적융복합,원격수업,동영상,미사용,,,,중간고사 기간(수업과 병행 실시) :4월 13일(월) ~ 5월 03일(일) 기말고사 기간(수업과 병행 실시) :6월 01일(월) ~ 6월 14일(일),2026,1,OCA0041,00,R,5,2026 - 1 학기 균형교양-인문예술
GEA8820(00),균교,현대한국의삶과가치Ⅰ(외국인 전용 중국어로 진행하는 강좌),3,3(0),10,16,16,0,0,0,0,20,20,0,0,0,이국화,"월8B(86101),월9A,월9B,수7A(86101),수7B,수8A,",1 2 3 4 학과확인,글로벌자율전공학부,N,의사소통,외국인전용강좌,대면,미사용,,,86101,,2026,1,GEA8820,00,R,5,2026 - 1 학기 균형교양-인문예술
GEA8820(01),균교,현대한국의삶과가치Ⅰ(영어로 진행하는 강좌(외국인 전용)),3,3(0),10,10,9,0,1,0,0,30,30,0,0,0,이유진,"화8B(86103),화9A,화9B,목7A(86103),목7B,목8A,",1 2 3 4전학과,글로벌자율전공학부,Y,의사소통,영어강의,대면,미사용,,,86103,,2026,1,GEA8820,01,R,5,2026 - 1 학기 균형교양-인문예술
GEA8641(00),균교,옷으로보는한국사회와문화,3,3(0),30,38,15,16,3,4,33,38,15,15,5,3,박혜원,,1 2 3 4전학과,의류학과,Y,실용적융복합,원격수업,동영상,미사용,,,,,2026,1,GEA8641,00,R,5,2026 - 1 학기 균형교양-인문예술
GEA6009(00),균교,테니스,1,0(2),25,25,11,7,5,2,23,28,7,7,7,7,김경민,"월1A(테니스장2),월1B,월2A,월2B,",1 2 3 4전학과,체육학과,Y,,일반강의,대면,미사용,,,,,2026,1,GEA6009,00,R,5,2026 - 1 학기 균형교양-인문예술
GEA7284(00),균교,탁구,1,0(2),25,29,12,7,7,3,35,29,9,9,6,5,이근철,"수6A(8101),수6B,수7A,수7B,",1 2 3 4전학과,체육학과,Y,,일반강의,대면,미사용,,,,,2026,1,GEA7284,00,R,5,2026 - 1 학기 균형교양-인문예술
GEA8537(00),균교,풋살,1,1(1),25,28,10,8,6,4,26,28,7,7,7,7,이재근,"목4A(풋살장),목4B,목5A,목5B,",1 2 3 4전학과,체육학과,Y,,일반강의,대면,미사용,,,,,2026,1,GEA8537,00,R,5,2026 - 1 학기 균형교양-인문예술
GEA8578(00),균교,배드민턴,1,0(2),25,28,10,6,6,6,49,28,7,7,7,7,이재철,"목3A(8103),목3B,목4A,목4B,",1 2 3 4전학과,체육학과,Y,,일반강의,대면,미사용,,,,,2026,1,GEA8578,00,R,5,2026 - 1 학기 균형교양-인문예술
GEA8579(00),균교,요가,1,0(2),25,30,7,10,7,6,33,30,7,9,8,6,김나현,"월1A(8201),월1B,월2A,월2B,",1 2 3 4전학과,체육학과,Y,,일반강의,대면,미사용,,,,,2026,1,GEA8579,00,R,5,2026 - 1 학기 균형교양-인문예술
GEA8630(00),균교,운동재활과다이어트,2,2(0),30,210,78,85,29,18,89,210,55,85,45,25,임인수,"화8A(CWNU이룸홀),화8B,화9A,화9B,",1 2 3 4전학과,체육학과,Y,실용적융복합,일반강의,대면,미사용,대면,2026.06.16(화) 16:00,CWNU이룸홀,,2026,1,GEA8630,00,R,5,2026 - 1 학기 균형교양-인문예술
GEA8630(01),균교,운동재활과다이어트,2,2(0),30,208,116,76,9,7,0,210,80,100,15,15,임인수,"목8A(CWNU이룸홀),목8B,목9A,목9B,",1 2 3 4전학과,체육학과,Y,,일반강의,대면,미사용,,,,,2026,1,GEA8630,01,R,5,2026 - 1 학기 균형교양-인문예술
GEA8635(00),균교,골프,1,0(2),25,28,11,6,6,5,30,28,7,7,7,7,박준성,"화6A(골프장),화6B,화7A,화7B,",1 2 3 4전학과,체육학과,Y,,일반강의,대면,미사용,,,,,2026,1,GEA8635,00,R,5,2026 - 1 학기 균형교양-인문예술
GEA8643(00),균교,축구,1,0(2),25,27,16,3,1,7,10,28,7,7,7,7,정태현,"화2A(대운동장),화2B,화3A,화3B,",1 2 3 4전학과,체육학과,Y,,일반강의,대면,미사용,,,,,2026,1,GEA8643,00,R,5,2026 - 1 학기 균형교양-인문예술
GEA8645(00),균교,배구,1,0(2),25,28,12,9,4,3,41,28,7,7,7,7,황중호,"수3A(8103),수3B,수4A,수4B,",1 2 3 4전학과,체육학과,Y,,일반강의,대면,미사용,,,,,2026,1,GEA8645,00,R,5,2026 - 1 학기 균형교양-인문예술
GEA8647(00),균교,해양스포츠,1,0(2),25,27,5,9,6,7,74,28,7,7,7,7,박준성,"토1A(8104),토1B,토2A,토2B,",1 2 3 4전학과,체육학과,Y,,집중이수제,대면,미사용,,,,,2026,1,GEA8647,00,R,5,2026 - 1 학기 균형교양-인문예술
GEA8804(00),균교,호신술,1,0(2),25,28,8,9,7,4,34,28,7,7,7,7,최미선,"수2A(8201),수2B,수3A,수3B,",1 2 3 4전학과,체육학과,Y,의사소통,일반강의,대면,미사용,대면,2026.04.15(수) 10:00,8201,,2026,1,GEA8804,00,R,5,2026 - 1 학기 균형교양-인문예술
GEA8649(00),균교,운동과웰니스,3,3(0),30,39,16,0,0,23,12,40,18,0,0,22,이인환,"수10A(8102),수10B,수11A,수11B,수12A,수12B,",1 4 학과확인,스마트헬스케어학과,Y,,일반강의,대면,미사용,,,,,2026,1,GEA8649,00,R,5,2026 - 1 학기 균형교양-인문예술
GEA6005(00),균교,음악의이해및감상,3,3(0),30,109,91,9,2,7,4,111,91,9,3,8,김성민,"금1A(61106),금1B,금2A,금2B,금3A,금3B,",1 2 3 4 학과확인,음악과,Y,창의적사고,일반강의,대면,미사용,,,61106,,2026,1,GEA6005,00,R,5,2026 - 1 학기 균형교양-인문예술
GEA7548(00),균교,융합창작스튜디오,3,1(2),30,31,12,12,4,3,20,32,11,14,4,3,양정화,"수2A(63110),수2B,수3A,수3B,수4A,수4B,",1 2 3 4전학과,미술학과,Y,,일반강의,대면,미사용,,,,,2026,1,GEA7548,00,R,5,2026 - 1 학기 균형교양-인문예술
GEA7553(00),균교,한지조형예술,3,0(3),30,30,9,6,7,8,79,30,9,6,6,9,강혜지,"월2A(63110),월2B,월3A,월3B,월4A,월4B,",1 2 3 4전학과,미술학과,Y,,일반강의,대면,미사용,,,,,2026,1,GEA7553,00,R,5,2026 - 1 학기 균형교양-인문예술
GEA6007(00),균교,디자인의이해,3,3(0),30,42,37,3,2,0,0,42,38,1,3,0,박영주,"목2A(63203),목2B,목3A,목3B,목4A,목4B,",1 2 3 학과확인,산업디자인학과,N,,일반강의,대면,미사용,,,,,2026,1,GEA6007,00,R,5,2026 - 1 학기 균형교양-인문예술
GEA8709(00),균교,"융복합시대의미학,예술과사상",3,3(0),30,59,29,24,2,4,2,60,23,27,4,6,김명주,"화4A(B21225),화4B,화5A,목5B(B21225),목6A,목6B,",1 2 3 4전학과,철학과,Y,창의적사고,일반강의,대면,미사용,,,B21225,,2026,1,GEA8709,00,R,6,2026 - 1 학기 균형교양-사회와문화
GEA8710(00),균교,SF영화로배우는철학과미래사회:새로운삶의양식,3,3(0),30,80,45,25,1,9,8,80,35,33,2,10,이상환,"화8B(B21116),화9A,화9B,목7A(B21116),목7B,목8A,",1 2 3 4전학과,철학과,Y,창의적사고,일반강의,대면,미사용,대면,2026.04.23(목) 15:00,B21116,,2026,1,GEA8710,00,R,6,2026 - 1 학기 균형교양-사회와문화
GEA7537(00),균교,지역문화기획★,3,3(0),30,36,8,13,7,8,36,37,7,10,10,10,"이병훈,정성아","화7A(81101),화7B,화8A,화8B,화9A,화9B,",1 2 3 4전학과,교양,Y,지역형리더,일반강의,대면,미사용,,,81101,,2026,1,GEA7537,00,R,6,2026 - 1 학기 균형교양-사회와문화
GEA7542(00),균교,가족으로의특별한여행,3,3(0),30,31,17,4,6,4,28,32,17,5,6,4,류경희,"화5B(32203),화6A,화6B,목4A(32203),목4B,목5A,",1 학과확인,교양,Y,의사소통,일반강의,동영상+대면,미사용,대면,2026.04.21(화) 13:30,32203,,2026,1,GEA7542,00,R,6,2026 - 1 학기 균형교양-사회와문화
GEA8002(00),균교,도전과창조,2,2(0),30,368,201,100,47,20,114,370,184,110,54,22,최만림,"화6A(CWNU이룸홀),화6B,화7A,화7B,",1 2 3 4전학과,교양,Y,지역형리더,일반강의,대면,미사용,,,CWNU이룸홀,,2026,1,GEA8002,00,R,6,2026 - 1 학기 균형교양-사회와문화
GEA8007(00),균교,미래설계법,2,2(0),30,81,41,40,0,0,77,81,40,41,0,0,박상희,"월2A(사림강당),월2B,월3A,월3B,",1 2전학과,교양,Y,창의적사고,일반강의,대면,미사용,,,사림강당,,2026,1,GEA8007,00,R,6,2026 - 1 학기 균형교양-사회와문화
GEA8007(01),균교,미래설계법,2,2(0),30,80,41,39,0,0,81,80,40,40,0,0,박상희,"월5B(사림강당),월6A,월6B,월7A,",1 2전학과,교양,Y,창의적사고,일반강의,대면,미사용,,,사림강당,,2026,1,GEA8007,01,R,6,2026 - 1 학기 균형교양-사회와문화
GEA8008(00),균교,취업핵심역량개발,2,2(0),30,77,0,0,45,32,24,80,0,0,40,40,박상희,"수2A(사림강당),수2B,수3A,수3B,",3 4전학과,교양,Y,지역형리더,일반강의,대면,미사용,,,사림강당,,2026,1,GEA8008,00,R,6,2026 - 1 학기 균형교양-사회와문화
GEA8008(01),균교,취업핵심역량개발,2,2(0),30,75,0,0,54,21,31,80,0,0,40,40,박상희,"수5B(사림강당),수6A,수6B,수7A,",3 4전학과,교양,Y,지역형리더,일반강의,대면,미사용,,,사림강당,,2026,1,GEA8008,01,R,6,2026 - 1 학기 균형교양-사회와문화
GEA8518(00),균교,기업가정신,3,3(0),30,60,15,17,8,20,13,60,10,15,10,25,김종욱,"금1A(B21226),금1B,금2A,금2B,금3A,금3B,",1 2 3 4전학과,교양,Y,창의적사고,일반강의,대면,미사용,대면,2026.04.24(금) 09:10,B21225,※ 시험관련 안내사항 e-캠퍼스를 통한 별도 안내 예정,2026,1,GEA8518,00,R,6,2026 - 1 학기 균형교양-사회와문화
GEA8519(00),균교,창업아이디어발굴,2,2(0),30,58,15,19,12,12,30,60,20,20,10,10,김종욱,"금5A(B21226),금5B,금6A,금6B,",1 2 3 4전학과,교양,Y,창의적사고,일반강의,대면,미사용,대면,2026.05.01(금) 13:10,B21225,※ 시험관련 안내사항 e-캠퍼스를 통한 별도 안내 예정,2026,1,GEA8519,00,R,6,2026 - 1 학기 균형교양-사회와문화
GEA8662(00),균교,인간관계와의사소통,3,3(0),30,35,9,10,10,6,113,35,9,10,10,6,권희경,,전학과,교양,Y,의사소통,원격수업,동영상,미사용,대면,2026.06.15(월) 18:30,BAC203,"- BAC(3호관) 2층 203호으로 오면 학과 별 시험 장소 및 학생 별 지정 좌석이 배정되어 있습니다. - 시험에 응시하지 않으면 0점 처리됨(F) - 시험 시간에는 핸드폰, 시계, 이어폰 등을 포함하여 일체의 전자 기기를 만지거나 사용할 수 없음(발각되면 0점 처리) - 시험은 오픈북으로 진행됩니다. 단, 강의교재 안의 요약정리 및 모든 포스트잇은 반드시 제거해야 합니다.",2026,1,GEA8662,00,R,6,2026 - 1 학기 균형교양-사회와문화
GEA8674(00),균교,언어와사유,3,3(0),30,40,15,14,7,4,17,41,11,10,10,10,김윤정,"화2B(B21225),화3A,화3B,목1A(B21225),목1B,목2A,",1 2 3 4전학과,교양,Y,창의적사고,일반강의,대면,미사용,대면,2026.04.14(화) 10:30,B21225,본인이 수행한 과제에 대해 동료(수강생 전원)의 평가 실시,2026,1,GEA8674,00,R,6,2026 - 1 학기 균형교양-사회와문화
GEA8702(00),균교,현대사회와인간★,2,2(0),30,54,12,30,9,3,56,55,0,31,18,6,이내연,"목2A(11109),목2B,목3A,목3B,",1 2 3 4 학과확인,교양,Y,글로벌,일반강의,대면,미사용,대면,2026.04.23(목) 10:00,11109,"★이공계 필수교양(수강학과 확인 필수)★ 30분 이상 지각하면 입장 불가. 30분 동안 퇴장 불가(미리 화장 실 다녀올 것). 개인사정으로 시험을 칠 수 없는 경우에는, 반드 시 2주일 전까지 미리 알리고 10일 전까지 교수자와 대안을 마 련한다. ● 문제 형식: 객관식, 단답형, 짧은 서술형 문제 (부분점수 있 음)",2026,1,GEA8702,00,R,6,2026 - 1 학기 균형교양-사회와문화
GEA8702(01),균교,현대사회와인간★,2,2(0),30,54,0,37,13,4,136,55,0,35,15,5,이내연,"목5A(11109),목5B,목6A,목6B,",1 2 3 4 학과확인,교양,Y,글로벌,일반강의,대면,미사용,,,11109,"★이공계 필수교양(수강학과 확인 필수)★ 30분 이상 지각하면 입장 불가. 30분 동안 퇴장 불가(미리 화장실 다녀올 것). 개인사정으로 시험을 칠 수 없는 경우에는, 반드시 2 주일 전까지 미리 알리고 10일 전까지 교수자와 대안을 마련한다. ● 문제 형식: 객관식, 단답형, 짧은 서술형 문제 (부분점수 있음)",2026,1,GEA8702,01,R,6,2026 - 1 학기 균형교양-사회와문화
GEA8808(00),균교,씨네플로머시:영화로배우는공공외교,3,3(0),30,41,27,9,2,3,5,41,25,10,3,3,"홍석훈,이주희","화4A(22201),화4B,화5A,목5B(22201),목6A,목6B,",1 2 3 4전학과,교양,Y,실용적융복합,팀티칭,대면,미사용,,,22201,,2026,1,GEA8808,00,R,6,2026 - 1 학기 균형교양-사회와문화
GLA0010(00),균교,"NCS직업기초(GeLC 컨소시엄 교과목 ※ 수강료(24,000원) 미납 시 수강 불가/시험시간필수확인)(유료강좌)",3,3(0),1,87,36,39,8,4,18,88,24,25,19,20,강사,,1 2 3 4전학과,교양,N,실용적융복합,원격수업,동영상,미사용,,,,중간고사: 2026.4.24.(금)18:00~ 기말고사: 2026.6.12.(금)18:00~,2026,1,GLA0010,00,R,6,2026 - 1 학기 균형교양-사회와문화
GLA0022(00),균교,"재미있게이해하는인공지능(AI)시대의주요이슈(GeLC 컨소시엄 교과목 ※ 수강료(24,000원) 미납 시 수강 불가/시험시간필수확인)(유료강좌)",3,3(0),1,100,25,27,27,21,135,100,25,25,25,25,강사,,1 2 3 4전학과,교양,N,실용적융복합,원격수업,동영상,미사용,,,,중간고사: 2026.4.27.(월) 21:00~ 기말고사: 2026.6.15.(월) 21:00~,2026,1,GLA0022,00,R,6,2026 - 1 학기 균형교양-사회와문화
KCA0005(00),균교,"소비자를위한생활법률(KCU 컨소시엄 교과목 ※ 수강료(24,000원)미납 시 수강 불가)(유료강좌)",3,3(0),1,298,90,87,63,58,63,301,81,80,70,70,강사,,1 2 3 4전학과,교양,N,실용적융복합,원격수업,동영상,미사용,,,,* 기말고사: 2026.6.06.(토)~6.12.(금),2026,1,KCA0005,00,R,6,2026 - 1 학기 균형교양-사회와문화
KCA0020(00),균교,"(자신의가치를높이는)퍼스널블랜딩전략(KCU컨소시업 교과목 ※ 수강료(24,000원)미납 시 수강 불가)(유료강좌)",3,3(0),1,122,30,36,28,28,250,122,30,30,30,32,강사,,1 2 3 4전학과,교양,N,의사소통,원격수업,동영상,미사용,,,,* 기말고사: 2026.6.06.(토)~6.12.(금),2026,1,KCA0020,00,R,6,2026 - 1 학기 균형교양-사회와문화
GEA8692(00),균교,현대사회와마음건강,3,3(0),30,32,24,8,0,0,0,35,15,17,2,1,이슬아,"월5B(86101),월6A,월6B,수4A(86101),수4B,수5A,",1 2 3 4 학과확인,사림아너스학부,Y,지역형리더,일반강의,대면,미사용,,,,"교안의 내용을 바탕으로, 객관식 및 주관식(단답형, 약술형)으로 출제",2026,1,GEA8692,00,R,6,2026 - 1 학기 균형교양-사회와문화
GEA8693(00),균교,관계의심리학★,3,3(0),30,33,22,8,2,1,0,35,13,17,3,2,이슬아,"월4A(86101),월4B,월5A,수5B(86101),수6A,수6B,",1 2 3 4 학과확인,사림아너스학부,Y,의사소통,일반강의,대면,미사용,,,,"교안의 내용을 바탕으로, 객관식 및 주관식(단답형, 약술형)으로 출제",2026,1,GEA8693,00,R,6,2026 - 1 학기 균형교양-사회와문화
GEA8819(00),균교,현대한국생활의이해Ⅰ(외국인 전용 강좌),3,3(0),10,17,3,2,8,4,0,20,15,5,0,0,김정훈,"화4A(86103),화4B,화5A,목5B(86103),목6A,목6B,",1 2 3 4전학과,글로벌자율전공학부,Y,글로벌,외국인전용강좌,대면,미사용,,,86103,,2026,1,GEA8819,00,R,6,2026 - 1 학기 균형교양-사회와문화
GEA8819(01),균교,현대한국생활의이해Ⅰ(외국인 전용 중국어로 진행하는 강좌),3,3(0),10,16,16,0,0,0,0,20,20,0,0,0,이국화,"월7A(86101),월7B,월8A,수8B(86101),수9A,수9B,",1 2 3 4 학과확인,글로벌자율전공학부,Y,글로벌,외국인전용강좌,대면,미사용,대면,2026.04.20(월) 15:00,86101,중간고사 주간에 구체적으로 안내할 예정임.,2026,1,GEA8819,01,R,6,2026 - 1 학기 균형교양-사회와문화
GEA8826(00),균교,한국사회와생활문화Ⅰ(글로벌자율전공학부 중국인 유학생 전용 강좌),3,3(0),10,13,13,0,0,0,0,25,25,0,0,0,이영희,"월2B(86101),월3A,월3B,수1A(86101),수1B,수2A,",1 2 3 4 학과확인,글로벌자율전공학부,N,글로벌,외국인전용강좌,대면,미사용,,,86101,,2026,1,GEA8826,00,R,6,2026 - 1 학기 균형교양-사회와문화
GEA8828(00),균교,글로벌리더십과문화의이해Ⅰ(외국인 전용 강좌),3,3(0),10,19,10,2,7,0,0,23,15,8,0,0,김정훈,"화5B(86103),화6A,화6B,목4A(86103),목4B,목5A,",1 2 3 4전학과,글로벌자율전공학부,Y,글로벌,외국인전용강좌,대면,미사용,,,86103,,2026,1,GEA8828,00,R,6,2026 - 1 학기 균형교양-사회와문화
GEA8828(01),균교,글로벌리더십과문화의이해Ⅰ(외국인 전용 중국어로 진행하는 강좌),3,3(0),10,16,16,0,0,0,0,20,20,0,0,0,이국화,"화8B(86101),화9A,화9B,목7A(86101),목7B,목8A,",1 2 3 4 학과확인,글로벌자율전공학부,Y,글로벌,외국인전용강좌,대면,미사용,,,86101,,2026,1,GEA8828,01,R,6,2026 - 1 학기 균형교양-사회와문화
GEA8573(00),균교,융합글로벌리더십,3,3(0),30,38,0,1,37,0,12,51,0,1,50,0,이명구,"수10A(52401),수10B,수11A,수11B,수12A,수12B,",2 3 학과확인,빅데이터창업비즈니스학과,Y,,일반강의,대면,미사용,,,,,2026,1,GEA8573,00,R,6,2026 - 1 학기 균형교양-사회와문화
GEA3001(00),균교,법학개론,3,3(0),30,65,59,2,2,2,3,65,55,5,2,3,이재민,"월4A(22208),월4B,월5A,수5B(22208),수6A,수6B,",1 2 3 4 학과확인,법학과,Y,창의적사고,일반강의,대면,미사용,,,22208,,2026,1,GEA3001,00,R,6,2026 - 1 학기 균형교양-사회와문화
GEA3001(01),균교,법학개론★,3,3(0),30,58,38,11,5,4,14,58,33,10,10,5,정명진,"화5B(22104),화6A,화6B,목4A(22104),목4B,목5A,",1 2 3 4 학과확인,법학과,Y,,일반강의,대면,미사용,,,,,2026,1,GEA3001,01,R,6,2026 - 1 학기 균형교양-사회와문화
GEA3001(60),균교,법학개론,3,3(0),20,27,16,6,1,4,2,30,15,5,5,5,최자은,"월10A(22207),월10B,월11A,수10A(22207),수10B,수11A,",1 2 3 4 학과확인,법학과,Y,,일반강의,대면,미사용,,,,,2026,1,GEA3001,60,R,6,2026 - 1 학기 균형교양-사회와문화
GEA7562(00),균교,민주시민과헌법,3,3(0),30,49,27,13,6,3,14,50,20,10,10,10,이장희,"화2B(B21226),화3A,화3B,목1A(B21226),목1B,목2A,",1 2 3 4전학과,법학과,Y,창의적사고,일반강의,대면,미사용,,,B21226,,2026,1,GEA7562,00,R,6,2026 - 1 학기 균형교양-사회와문화
GEA3013(00),균교,지방자치의이해,3,3(0),30,43,17,13,5,8,2,50,20,21,3,6,김현우,"금4A(22201),금4B,금5A,금5B,금6A,금6B,",1 2 3 4 학과확인,행정학과,Y,지역형리더,일반강의,대면,미사용,대면,2026.04.24(금) 13:00,22201,,2026,1,GEA3013,00,R,6,2026 - 1 학기 균형교양-사회와문화
GEA3069(00),균교,행정학의이해,3,3(0),30,59,33,19,2,5,24,60,42,10,5,3,안성수,"월5B(B21226),월6A,월6B,수4A(B21226),수4B,수5A,",1 2 3 4 학과확인,행정학과,Y,,일반강의,대면,미사용,,,,,2026,1,GEA3069,00,R,6,2026 - 1 학기 균형교양-사회와문화
GEA3069(01),균교,행정학의이해,3,3(0),30,60,41,11,7,1,4,60,41,10,5,4,김재영,"화4A(22104),화4B,화5A,목5B(22104),목6A,목6B,",1 2 3 4 학과확인,행정학과,Y,실용적융복합,일반강의,대면,미사용,,,22104,,2026,1,GEA3069,01,R,6,2026 - 1 학기 균형교양-사회와문화
GEA8589(00),균교,미래사회와행정,3,3(0),30,70,48,14,4,4,7,72,52,10,5,5,이정호,"화5B(B21117),화6A,화6B,목4A(B21117),목4B,목5A,",1 2 3 4전학과,행정학과,Y,창의적사고,일반강의,대면,미사용,,,B21117,,2026,1,GEA8589,00,R,6,2026 - 1 학기 균형교양-사회와문화
GEA3009(00),균교,국제관계의이해,3,3(0),30,40,20,10,7,3,34,41,22,10,5,4,박성호,"금4A(22314),금4B,금5A,금5B,금6A,금6B,",1 2 3 4전학과,국제관계학과,Y,글로벌,일반강의,대면,미사용,대면,2026.04.24(금) 12:00,22314,"중간고사 및 기말고사 서술형, 단답형, 선택형 혼합",2026,1,GEA3009,00,R,6,2026 - 1 학기 균형교양-사회와문화
GEA3070(00),균교,현대민주주의이해,3,3(0),30,71,48,12,5,6,25,71,49,12,5,5,정은정,"화1A(B21225),화1B,화2A,목2B(B21225),목3A,목3B,",4전학과,국제관계학과,Y,지역형리더,일반강의,대면,미사용,,,B21225,,2026,1,GEA3070,00,R,6,2026 - 1 학기 균형교양-사회와문화
GEA3071(00),균교,정치학의이해,3,3(0),30,70,52,13,3,2,15,70,50,12,5,3,정은정,"화5B(B21226),화6A,화6B,목4A(B21226),목4B,목5A,",1 2 3 4전학과,국제관계학과,Y,지역형리더,일반강의,대면,미사용,,,B21226,,2026,1,GEA3071,00,R,6,2026 - 1 학기 균형교양-사회와문화
GEA7506(00),균교,재미있게이해하는글로벌핫이슈,3,3(0),30,209,165,29,10,5,10,210,161,30,10,9,이기완,"월1A(인문홀),월1B,월2A,수2B(인문홀),수3A,수3B,",1 2 3 4 학과확인,국제관계학과,Y,글로벌,일반강의,대면,미사용,대면,2026.04.20(월) 09:00,인문홀,,2026,1,GEA7506,00,R,6,2026 - 1 학기 균형교양-사회와문화
GEA7506(60),균교,재미있게이해하는글로벌핫이슈,3,3(0),20,39,16,0,0,23,1,80,50,0,0,30,곽인신,"수10A(B21116),수10B,수11A,수11B,수12A,수12B,",1 4 학과확인,국제관계학과,Y,글로벌,일반강의,대면,미사용,,,B21117,,2026,1,GEA7506,60,R,6,2026 - 1 학기 균형교양-사회와문화
GEA7552(00),균교,미래사회의이해,3,3(0),30,209,160,29,13,7,22,210,162,30,10,8,이기완,"월2B(인문홀),월3A,월3B,수1A(인문홀),수1B,수2A,",1 2 3 4전학과,국제관계학과,Y,실용적융복합,일반강의,대면,미사용,대면,2026.04.20(월) 10:30,인문홀,,2026,1,GEA7552,00,R,6,2026 - 1 학기 균형교양-사회와문화
GEA8588(00),균교,한반도의평화와통일,3,3(0),30,162,132,23,5,2,10,162,133,20,7,2,이기완,"화2B(인문홀),화3A,화3B,목1A(인문홀),목1B,목2A,",1 2 3 4전학과,국제관계학과,Y,지역형리더,일반강의,대면,미사용,대면,2026.04.21(화) 10:30,인문홀,,2026,1,GEA8588,00,R,6,2026 - 1 학기 균형교양-사회와문화
GEA8557(00),균교,젠더이슈로보는사회,3,3(0),30,48,24,16,5,3,12,55,30,15,5,5,허은,"금4A(22207),금4B,금5A,금5B,금6A,금6B,",1 2 3 4전학과,사회학과,Y,,일반강의,대면,미사용,,,,,2026,1,GEA8557,00,R,6,2026 - 1 학기 균형교양-사회와문화
GEA3012(00),균교,중국학개론,3,3(0),30,40,29,5,3,3,1,40,24,4,5,7,구성철,"월8B(22315),월9A,월9B,수7A(22315),수7B,수8A,",1 2 3 4전학과,중국학과,Y,,일반강의,대면,미사용,,,,,2026,1,GEA3012,00,R,6,2026 - 1 학기 균형교양-사회와문화
GEA7532(00),균교,현대사회와커뮤니케이션,3,3(0),30,59,30,14,8,7,26,60,30,10,10,10,허진,"월8B(22104),월9A,월9B,수7A(22104),수7B,수8A,",1 2 3 4전학과,미디어커뮤니케이션학과,Y,,일반강의,대면,미사용,,,,,2026,1,GEA7532,00,R,6,2026 - 1 학기 균형교양-사회와문화
GEA8589(60),균교,미래사회와행정,3,3(0),20,28,19,0,5,4,0,40,20,5,10,5,이정호,"화11B(22202),화12A,화12B,목13A(22202),목13B,목14A,",1 2 3 4 학과확인,행정학과(야),N,,일반강의,대면,미사용,,,,,2026,1,GEA8589,60,R,6,2026 - 1 학기 균형교양-사회와문화
GEA8514(00),균교,결혼과가족,3,3(0),30,39,22,7,7,3,0,25,10,5,5,5,박현주,"금1A(32110),금1B,금2A,금2B,금3A,금3B,",전학과,사회복지학과,Y,실용적융복합,일반강의,대면,미사용,,,32110,,2026,1,GEA8514,00,R,6,2026 - 1 학기 균형교양-사회와문화
GEA3032(00),균교,소비와현대생활,3,3(0),30,34,17,9,6,2,7,35,15,10,5,5,장경국,"금7A(B21220),금7B,금8A,금8B,금9A,금9B,",1 2 3 4전학과,경영학과,Y,,일반강의,대면,미사용,,,,,2026,1,GEA3032,00,R,6,2026 - 1 학기 균형교양-사회와문화
GEA3033(00),균교,증권투자의기초,3,3(0),30,44,26,11,5,2,35,44,26,11,5,2,문승진,"화8B(B21220),화9A,화9B,목7A(B21220),목7B,목8A,",1 2 3 4 학과확인,경영학과,Y,실용적융복합,일반강의,대면,미사용,,,B21220,,2026,1,GEA3033,00,R,6,2026 - 1 학기 균형교양-사회와문화
GEA3045(00),균교,경영경제학,3,3(0),30,35,19,8,5,3,6,35,15,12,5,3,장경국,"금1A(B21220),금1B,금2A,금2B,금3A,금3B,",1 2 3 4 학과확인,경영학과,Y,,일반강의,대면,미사용,,,,,2026,1,GEA3045,00,R,6,2026 - 1 학기 균형교양-사회와문화
GEA3043(00),균교,현대사회와회계((마감)),3,3(0),30,38,28,6,4,0,20,38,27,7,4,0,우청원,"월7A(B21220),월7B,월8A,수8B(B21220),수9A,수9B,",1 2 3전학과,회계학과,Y,,일반강의,대면,미사용,,,,,2026,1,GEA3043,00,R,6,2026 - 1 학기 균형교양-사회와문화
GEA3043(60),균교,현대사회와회계,3,3(0),20,40,26,11,2,1,6,41,25,12,3,1,최미숙,"월10A(B21218),월10B,월11A,수10A(B21218),수10B,수11A,",1 2 3 4전학과,회계학과,Y,,일반강의,대면,미사용,,,,,2026,1,GEA3043,60,R,6,2026 - 1 학기 균형교양-사회와문화
GEA7558(00),균교,무역의이해,3,3(0),30,58,25,17,9,7,15,58,16,13,14,15,김기환,"월8B(B21230),월9A,월9B,수7A(B21230),수7B,수8A,",1 2 3 4전학과,국제무역학과,Y,글로벌,일반강의,대면,미사용,,,B21230,,2026,1,GEA7558,00,R,6,2026 - 1 학기 균형교양-사회와문화
GEA3052(00),균교,생활세금의이해,3,3(0),30,39,22,9,4,4,15,40,20,10,5,5,문병화,"금1A(B21123),금1B,금2A,금2B,금3A,금3B,",1 2 3 4전학과,세무학과,Y,,일반강의,대면,미사용,,,,,2026,1,GEA3052,00,R,6,2026 - 1 학기 균형교양-사회와문화
GEA3048(00),균교,현대생활과보험,3,3(0),30,50,35,5,7,3,9,50,25,10,10,5,이상연,"금1A(B21231),금1B,금2A,금2B,금3A,금3B,",1 2 3 4 학과확인,글로벌비즈니스학부,Y,,일반강의,대면,미사용,,,,,2026,1,GEA3048,00,R,6,2026 - 1 학기 균형교양-사회와문화
GEA8590(00),균교,경제학의이해,3,3(0),30,36,33,0,1,2,0,36,33,0,1,2,강보경,"화5B(B21233),화6A,화6B,목4A(B21233),목4B,목5A,",1 학과확인,글로벌비즈니스학부,Y,,일반강의,대면,미사용,,,,,2026,1,GEA8590,00,R,6,2026 - 1 학기 균형교양-사회와문화
GEA8590(01),균교,경제학의이해,3,3(0),30,56,35,6,5,10,0,56,35,6,5,10,이미숙,"화4A(B21113),화4B,화5A,목5B(B21113),목6A,목6B,",1 학과확인,글로벌비즈니스학부,Y,,일반강의,대면,미사용,,,,,2026,1,GEA8590,01,R,6,2026 - 1 학기 균형교양-사회와문화
GEA8591(00),균교,회계의이해,3,3(0),30,69,42,15,8,4,0,69,42,15,8,4,원유경,"금4A(B21113),금4B,금5A,금5B,금6A,금6B,",1 2 3 4 학과확인,글로벌비즈니스학부,Y,실용적융복합,일반강의,대면,미사용,,,B21113,,2026,1,GEA8591,00,R,6,2026 - 1 학기 균형교양-사회와문화
GEA8603(00),균교,경제학원론,3,3(0),30,36,14,8,6,8,8,40,10,10,10,10,박두현,"금4A(B21119),금4B,금5A,금5B,금6A,금6B,",1 2 3 4 학과확인,글로벌비즈니스학부,Y,,일반강의,대면,미사용,,,,,2026,1,GEA8603,00,R,6,2026 - 1 학기 균형교양-사회와문화
GEA7033(00),균교,컴퓨터언어,2,1(2),20,41,41,0,0,0,0,41,41,0,0,0,정해창,"화2B(55114),화3A,화3B,목1A(55114),목1B,목2A,",학과확인,교양,Y,실용적융복합,일반강의,대면,미사용,,,55114,,2026,1,GEA7033,00,R,7,2026 - 1 학기 균형교양-자연과학기술의이해
GEA7033(01),균교,컴퓨터언어,2,1(2),20,31,24,0,0,7,0,31,23,0,0,8,김태엽,"금4A(53313),금4B,금5A,금5B,금6A,금6B,",1 4 학과확인,교양,N,실용적융복합,일반강의,대면,미사용,,,53313,,2026,1,GEA7033,01,R,7,2026 - 1 학기 균형교양-자연과학기술의이해
GEA7033(02),균교,컴퓨터언어,2,1(2),20,42,42,0,0,0,0,43,43,0,0,0,정명균,"금7A(전산216),금7B,금8A,금8B,금9A,금9B,",1 학과확인,교양,N,실용적융복합,일반강의,대면,미사용,,,53313,,2026,1,GEA7033,02,R,7,2026 - 1 학기 균형교양-자연과학기술의이해
GEA7033(03),균교,컴퓨터언어,2,1(2),20,39,39,0,0,0,0,39,39,0,0,0,남수태,"수7A(전산216),수7B,수8A,수8B,수9A,수9B,",1 학과확인,교양,N,실용적융복합,일반강의,대면,미사용,,,전산216,"중간, 기말 시험시작 1주일 전에 안내함",2026,1,GEA7033,03,R,7,2026 - 1 학기 균형교양-자연과학기술의이해
GEA7033(04),균교,컴퓨터언어,2,1(2),20,31,31,0,0,0,0,31,31,0,0,0,조보호,"월7A(53313),월7B,월8A,월8B,월9A,월9B,",1 학과확인,교양,N,실용적융복합,일반강의,대면,미사용,,,53313,,2026,1,GEA7033,04,R,7,2026 - 1 학기 균형교양-자연과학기술의이해
GEA7033(05),균교,컴퓨터언어,2,1(2),20,44,44,0,0,0,1,44,44,0,0,0,정명균,"금4A(전산216),금4B,금5A,금5B,금6A,금6B,",1 학과확인,교양,N,,일반강의,대면,미사용,,,,,2026,1,GEA7033,05,R,7,2026 - 1 학기 균형교양-자연과학기술의이해
GEA8701(00),균교,생활속의수학,2,2(0),30,55,0,29,14,12,60,56,0,30,10,16,배문진,"화5A(11108),화5B,화6A,화6B,",4 학과확인,교양,Y,실용적융복합,일반강의,대면,미사용,,,11108,,2026,1,GEA8701,00,R,7,2026 - 1 학기 균형교양-자연과학기술의이해
GEA8701(01),균교,생활속의수학,2,2(0),30,57,2,34,12,9,87,57,0,35,11,11,유영율,"수6A(11108),수6B,수7A,수7B,",1 2 3 4전학과,교양,Y,실용적융복합,일반강의,대면,미사용,,,11108,,2026,1,GEA8701,01,R,7,2026 - 1 학기 균형교양-자연과학기술의이해
KCA0004(00),균교,"에너지와생활(KCU 컨소시엄 교과목 ※ 수강료(24,000원)미납 시 수강 불가)(유료강좌)",3,3(0),1,82,17,23,22,20,202,83,20,21,20,22,강사,,1 2 3 4전학과,교양,N,실용적융복합,원격수업,동영상,미사용,,,,* 기말고사: 2026.6.06.(토)~6.12.(금),2026,1,KCA0004,00,R,7,2026 - 1 학기 균형교양-자연과학기술의이해
GEA7301(01),균교,공업수학,3,3(0),30,42,0,33,5,4,23,42,0,33,5,4,편도경,"월1A(53317),월1B,월2A,수2B(53317),수3A,수3B,",학과확인,기계공학부,N,창의적사고,일반강의,대면,미사용,,,53317,,2026,1,GEA7301,01,R,7,2026 - 1 학기 균형교양-자연과학기술의이해
GEA7301(02),균교,공업수학,3,3(0),30,39,0,35,3,1,61,42,1,37,3,1,박용갑,"월1A(53213),월1B,월2A,수2B(53213),수3A,수3B,",학과확인,기계공학부,N,실용적융복합,일반강의,대면,미사용,대면,2026.04.22(수) 10:30,53213,- 진도 상황에 따라 중간고사 일정은 변경될 수 있음,2026,1,GEA7301,02,R,7,2026 - 1 학기 균형교양-자연과학기술의이해
GEA7301(03),균교,공업수학,3,3(0),30,41,1,33,5,2,7,42,1,33,6,2,김재민,"월1A(53315),월1B,월2A,수2B(53315),수3A,수3B,",4 학과확인,기계공학부,N,창의적사고,일반강의,대면,미사용,,,53315,,2026,1,GEA7301,03,R,7,2026 - 1 학기 균형교양-자연과학기술의이해
GEA8562(01),균교,프로그래밍입문,3,3(0),30,46,46,0,0,0,0,47,47,0,0,0,김현미,"월7A(55114),월7B,월8A,수8B(55114),수9A,수9B,",1 학과확인,지능로봇융합공학과,N,창의적사고,일반강의,대면,미사용,,,55114,,2026,1,GEA8562,01,R,7,2026 - 1 학기 균형교양-자연과학기술의이해
GEA8564(01),균교,공업수학1,3,3(0),30,50,0,40,2,8,31,52,0,42,2,8,정은태,"화2B(55108),화3A,화3B,목1A(55108),목1B,목2A,",2 학과확인,지능로봇융합공학과,N,,일반강의,대면,미사용,,,,,2026,1,GEA8564,01,R,7,2026 - 1 학기 균형교양-자연과학기술의이해
GEA7283(00),균교,영양과건강,2,2(0),30,80,29,31,11,9,232,80,30,30,10,10,김주연,"화4A(32110),화4B,화5A,화5B,",1 2 3 4전학과,식품영양학과,N,실용적융복합,일반강의,대면,미사용,대면,2026.04.21(화) 12:00,32110,,2026,1,GEA7283,00,R,7,2026 - 1 학기 균형교양-자연과학기술의이해
GEA7003(00),균교,통계학,3,3(0),30,41,0,12,19,10,7,41,0,15,16,10,허순영,"월8B(32401),월9A,월9B,수7A(32401),수7B,수8A,",2 3 4 학과확인,통계학과,N,실용적융복합,블렌디드강의,동영상+대면,미사용,대면,2026.04.29(수) 15:00,32401,e-클래스 공지사항에 공지함.,2026,1,GEA7003,00,R,7,2026 - 1 학기 균형교양-자연과학기술의이해
GEA7308(00),균교,통계학및연습1,3,3(0),30,63,57,1,2,3,0,64,57,1,3,3,허순영,"화1A(32401),화1B,화2A,목2B(32401),목3A,목3B,",1전학과,통계학과,N,실용적융복합,일반강의,대면,미사용,,,32401,수업 중 안내,2026,1,GEA7308,00,R,7,2026 - 1 학기 균형교양-자연과학기술의이해
GEA4006(00),균교,생명의이해,3,3(0),30,41,8,14,11,8,78,41,7,13,12,9,정원준,"금4A(35202),금4B,금5A,금5B,금6A,금6B,",1 2 3 4 학과확인,생물학화학융합학부,Y,,일반강의,대면,미사용,,,,,2026,1,GEA4006,00,R,7,2026 - 1 학기 균형교양-자연과학기술의이해
GEA4020(00),균교,환경생태학의이해,3,3(0),30,40,9,18,10,3,104,40,9,17,10,4,홍성진,"월8B(35202),월9A,월9B,수7A(35202),수7B,수8A,",1 2 3 4 학과확인,생물학화학융합학부,Y,,일반강의,대면,미사용,,,,,2026,1,GEA4020,00,R,7,2026 - 1 학기 균형교양-자연과학기술의이해
GEA8609(00),균교,일반화학실험1,1,0(2),20,17,9,6,1,1,1,22,16,4,1,1,조경일,"수5A(공실관201),수5B,수6A,수6B,",1 2 3 4전학과,생물학화학융합학부,Y,창의적사고,일반강의,대면,미사용,,,공실관201,,2026,1,GEA8609,00,R,7,2026 - 1 학기 균형교양-자연과학기술의이해
GEA4009(00),균교,인체와질병,3,3(0),30,31,9,8,6,8,59,31,6,8,8,9,조용권,"금7A(35101),금7B,금8A,금8B,금9A,금9B,",1 2 3 4전학과,생명보건학부,Y,실용적융복합,일반강의,대면,미사용,대면,2026.04.10(금) 15:00,35101,,2026,1,GEA4009,00,R,7,2026 - 1 학기 균형교양-자연과학기술의이해
GEA7528(00),균교,자연과학과노벨상수상자들,3,3(0),30,50,6,16,12,16,23,50,3,15,15,17,김영재,"금1A(35106),금1B,금2A,금2B,금3A,금3B,",1 2 3 4전학과,생명보건학부,N,창의적사고,일반강의,대면,미사용,,,35106,,2026,1,GEA7528,00,R,7,2026 - 1 학기 균형교양-자연과학기술의이해
GEA7004(00),균교,일반물리학(생활속의물리(GEA8599) 대체과목),3,3(0),30,44,43,0,0,1,0,48,45,0,2,1,류시완,"월2B(54217),월3A,월3B,수1A(54217),수1B,수2A,",1 학과확인,반도체물리학과,Y,,일반강의,대면,미사용,,,,,2026,1,GEA7004,00,R,7,2026 - 1 학기 균형교양-자연과학기술의이해
GEA7004(01),균교,일반물리학,3,3(0),30,49,49,0,0,0,0,50,50,0,0,0,조종호,"월4A(53318),월4B,월5A,수5B(53318),수6A,수6B,",1 학과확인,반도체물리학과,Y,창의적사고,일반강의,대면,미사용,대면,2026.04.22(수) 13:00,53318,,2026,1,GEA7004,01,R,7,2026 - 1 학기 균형교양-자연과학기술의이해
GEA7004(02),균교,일반물리학,3,3(0),30,50,50,0,0,0,0,50,50,0,0,0,조종호,"월5B(53318),월6A,월6B,수4A(53318),수4B,수5A,",1 학과확인,반도체물리학과,Y,창의적사고,일반강의,대면,미사용,대면,2026.04.22(수) 13:30,53318,,2026,1,GEA7004,02,R,7,2026 - 1 학기 균형교양-자연과학기술의이해
GEA7004(03),균교,일반물리학,3,3(0),30,44,39,0,0,5,0,45,45,0,0,0,팽진섭,"월4A(53315),월4B,월5A,수5B(53315),수6A,수6B,",1 4 학과확인,반도체물리학과,Y,창의적사고,일반강의,대면,미사용,대면,2026.03.03(화) 01:00,53315,,2026,1,GEA7004,03,R,7,2026 - 1 학기 균형교양-자연과학기술의이해
GEA7004(04),균교,일반물리학,3,3(0),30,46,46,0,0,0,1,46,46,0,0,0,팽진섭,"월5B(53315),월6A,월6B,수4A(53315),수4B,수5A,",1 학과확인,반도체물리학과,Y,창의적사고,일반강의,대면,미사용,,,53315,,2026,1,GEA7004,04,R,7,2026 - 1 학기 균형교양-자연과학기술의이해
GEA7004(05),균교,일반물리학,3,3(0),30,39,30,0,2,7,0,39,34,0,1,4,백성호,"화1A(T98204),화1B,화2A,목2B(T98204),목3A,목3B,",1 학과확인,반도체물리학과,Y,창의적사고,일반강의,대면,미사용,,,T98204,,2026,1,GEA7004,05,R,7,2026 - 1 학기 균형교양-자연과학기술의이해
GEA7004(06),균교,일반물리학,3,3(0),30,47,47,0,0,0,0,50,50,0,0,0,조정숙,"화7A(55112),화7B,화8A,목8B(55112),목9A,목9B,",1 학과확인,반도체물리학과,Y,,일반강의,대면,미사용,,,,,2026,1,GEA7004,06,R,7,2026 - 1 학기 균형교양-자연과학기술의이해
GEA7004(07),균교,일반물리학,3,3(0),30,50,48,0,0,2,0,50,48,0,0,2,조정숙,"화8B(55101),화9A,화9B,목7A(55101),목7B,목8A,",1 학과확인,반도체물리학과,Y,,일반강의,대면,미사용,,,,,2026,1,GEA7004,07,R,7,2026 - 1 학기 균형교양-자연과학기술의이해
GEA7005(00),균교,물리학1,2,2(0),30,46,42,0,1,3,0,46,43,0,1,2,김경립,"수8B(35106),수9A,수9B,수10A,",1 4 학과확인,반도체물리학과,Y,창의적사고,일반강의,대면,미사용,,,35106,,2026,1,GEA7005,00,R,7,2026 - 1 학기 균형교양-자연과학기술의이해
GEA7006(00),균교,물리학실험1,1,0(2),20,21,19,0,0,2,0,21,19,0,0,2,최해인,"화5A(공실관208),화5B,화6A,화6B,",1 4 학과확인,반도체물리학과,Y,,일반강의,대면,미사용,,,,,2026,1,GEA7006,00,R,7,2026 - 1 학기 균형교양-자연과학기술의이해
GEA7006(01),균교,물리학실험1,1,0(2),20,22,22,0,0,0,0,22,22,0,0,0,최해인,"화8A(공실관208),화8B,화9A,화9B,",1 학과확인,반도체물리학과,Y,,일반강의,대면,미사용,,,,,2026,1,GEA7006,01,R,7,2026 - 1 학기 균형교양-자연과학기술의이해
GEA7019(00),균교,지구과학,3,3(0),30,36,11,11,10,4,20,36,10,10,10,6,백성호,"금1A(N98302),금1B,금2A,금2B,금3A,금3B,",1 2 3 4전학과,반도체물리학과,Y,,일반강의,대면,미사용,,,,,2026,1,GEA7019,00,R,7,2026 - 1 학기 균형교양-자연과학기술의이해
GEA8536(00),균교,대학기초수학,2,2(0),30,42,29,5,5,3,21,42,29,5,5,3,유영율,"화5A(32107),화5B,화6A,화6B,",1 2 3 4전학과,수학과,Y,창의적사고,일반강의,대면,미사용,,,32107,,2026,1,GEA8536,00,R,7,2026 - 1 학기 균형교양-자연과학기술의이해
GEA8639(00),균교,대학미적분학1,3,3(0),30,42,39,1,1,1,0,42,39,1,1,1,김수민,"월2B(32401),월3A,월3B,수1A(32401),수1B,수2A,",1 학과확인,수학과,Y,실용적융복합,일반강의,대면,미사용,,,32401,,2026,1,GEA8639,00,R,7,2026 - 1 학기 균형교양-자연과학기술의이해
GEA8639(01),균교,대학미적분학1,3,3(0),30,43,42,0,0,1,0,43,42,0,0,1,공수련,"월1A(32401),월1B,월2A,수2B(32401),수3A,수3B,",1 학과확인,수학과,Y,실용적융복합,일반강의,대면,미사용,,,32401,,2026,1,GEA8639,01,R,7,2026 - 1 학기 균형교양-자연과학기술의이해
GEA8639(02),균교,대학미적분학1,3,3(0),30,45,44,0,0,1,0,45,44,0,0,1,권은영,"화5B(32401),화6A,화6B,목4A(32401),목4B,목5A,",1 학과확인,수학과,Y,,일반강의,대면,미사용,,,,,2026,1,GEA8639,02,R,7,2026 - 1 학기 균형교양-자연과학기술의이해
GEA8639(03),균교,대학미적분학1,3,3(0),30,45,42,3,0,0,0,45,42,3,0,0,공수련,"월5B(32401),월6A,월6B,수4A(32401),수4B,수5A,",1 학과확인,수학과,Y,실용적융복합,일반강의,대면,미사용,,,32401,,2026,1,GEA8639,03,R,7,2026 - 1 학기 균형교양-자연과학기술의이해
GEA8639(04),균교,대학미적분학1,3,3(0),30,43,39,3,1,0,0,43,39,3,1,0,권은옥,"월5B(T98204),월6A,월6B,수4A(T98204),수4B,수5A,",1 학과확인,수학과,Y,실용적융복합,일반강의,대면,미사용,,,T98204,,2026,1,GEA8639,04,R,7,2026 - 1 학기 균형교양-자연과학기술의이해
GEA8639(05),균교,대학미적분학1,3,3(0),30,41,34,6,0,1,5,42,35,6,0,1,우경수,"화2B(32401),화3A,화3B,목1A(32401),목1B,목2A,",1 학과확인,수학과,Y,실용적융복합,일반강의,대면,미사용,대면,2026.04.21(화) 10:30,32401,중간고사 : 2026. 4.21. 10시 30분 - 11시 30분. 기말고사 : 2026. 6.16. 10시 30분 - 11시 30분,2026,1,GEA8639,05,R,7,2026 - 1 학기 균형교양-자연과학기술의이해
GEA8639(06),균교,대학미적분학1,3,3(0),30,41,40,0,0,1,1,41,40,0,0,1,권은옥,"월1A(52401),월1B,월2A,수2B(52401),수3A,수3B,",1 학과확인,수학과,Y,실용적융복합,일반강의,대면,미사용,,,52401,,2026,1,GEA8639,06,R,7,2026 - 1 학기 균형교양-자연과학기술의이해
GEA8639(07),균교,대학미적분학1,3,3(0),30,40,40,0,0,0,0,40,40,0,0,0,배문진,"월1A(55311),월1B,월2A,수2B(55311),수3A,수3B,",1 학과확인,수학과,Y,실용적융복합,일반강의,대면,미사용,,,55311,,2026,1,GEA8639,07,R,7,2026 - 1 학기 균형교양-자연과학기술의이해
GEA8639(08),균교,대학미적분학1,3,3(0),30,40,38,0,0,2,0,40,38,0,0,2,유영율,"월2B(53317),월3A,월3B,수1A(53317),수1B,수2A,",1 학과확인,수학과,Y,실용적융복합,일반강의,대면,미사용,,,53317,,2026,1,GEA8639,08,R,7,2026 - 1 학기 균형교양-자연과학기술의이해
GEA8639(09),균교,대학미적분학1,3,3(0),30,38,38,0,0,0,0,39,39,0,0,0,권은영,"월2B(53213),월3A,월3B,수1A(53213),수1B,수2A,",1 학과확인,수학과,Y,,일반강의,대면,미사용,,,,,2026,1,GEA8639,09,R,7,2026 - 1 학기 균형교양-자연과학기술의이해
GEA8639(10),균교,대학미적분학1,3,3(0),30,44,41,1,1,1,0,44,41,1,1,1,배문진,"화1A(53218),화1B,화2A,목2B(53218),목3A,목3B,",1 학과확인,수학과,Y,실용적융복합,일반강의,대면,미사용,,,53218,,2026,1,GEA8639,10,R,7,2026 - 1 학기 균형교양-자연과학기술의이해
GEA8639(11),균교,대학미적분학1,3,3(0),30,39,38,0,0,1,0,40,39,0,0,1,강보원,"화2B(53317),화3A,화3B,목1A(53317),목1B,목2A,",1 학과확인,수학과,Y,실용적융복합,일반강의,대면,미사용,,,53317,,2026,1,GEA8639,11,R,7,2026 - 1 학기 균형교양-자연과학기술의이해
GEA8661(00),균교,창의적공학설계(어드벤처디자인),3,3(0),30,36,36,0,0,0,0,38,38,0,0,0,김지관,"월2B(53315),월3A,월3B,수1A(53315),수1B,수2A,",1 학과확인,산업시스템공학과,N,창의적사고,일반강의,대면,미사용,대면,2026.04.22(수) 09:30,53315,1주차에서 7주차까지의 강의 내용을 시험으로 평가,2026,1,GEA8661,00,R,7,2026 - 1 학기 균형교양-자연과학기술의이해
GEA7260(00),균교,컴퓨터개론,3,3(0),30,60,60,0,0,0,0,65,65,0,0,0,이수현,"월7A(55110),월7B,월8A,수8B(55110),수9A,수9B,",1 학과확인,컴퓨터공학과,Y,,일반강의,대면,미사용,,,,,2026,1,GEA7260,00,R,7,2026 - 1 학기 균형교양-자연과학기술의이해
GEA7301(00),균교,공업수학,3,3(0),30,41,1,37,2,1,31,43,0,40,2,1,차정원,"월2B(55516),월3A,월3B,수1A(55516),수1B,수2A,",2 학과확인,컴퓨터공학과,Y,,일반강의,대면,미사용,,,,,2026,1,GEA7301,00,R,7,2026 - 1 학기 균형교양-자연과학기술의이해
GEA8516(00),균교,소프트웨어기초코딩,2,2(0),30,60,32,10,9,9,23,61,24,13,12,12,배종욱,"수8A(사림강당),수8B,수9A,수9B,",1 2 3 4 학과확인,컴퓨터공학과,Y,,일반강의,대면,미사용,,,,,2026,1,GEA8516,00,R,7,2026 - 1 학기 균형교양-자연과학기술의이해
GEA8516(01),균교,소프트웨어기초코딩,2,2(0),30,60,26,15,12,7,26,60,24,12,12,12,조보호,"수8A(B21116),수8B,수9A,수9B,",1 2 3 4 학과확인,컴퓨터공학과,Y,실용적융복합,일반강의,대면,미사용,,,봉림관114,,2026,1,GEA8516,01,R,7,2026 - 1 학기 균형교양-자연과학기술의이해
GEA8598(00),균교,생활속의화학소재,3,3(0),30,44,34,3,5,2,0,47,36,3,5,3,김성준,"월2B(52302),월3A,월3B,수1A(52302),수1B,수2A,",1 학과확인,스마트그린공학부 환경에너지공학전공,N,실용적융복합,일반강의,대면,미사용,,,52302,,2026,1,GEA8598,00,R,7,2026 - 1 학기 균형교양-자연과학기술의이해
GEA8600(01),균교,문명과수학,3,3(0),30,43,36,3,2,2,0,44,37,3,2,2,송봉근,"화4A(52302),화4B,화5A,목5B(52302),목6A,목6B,",1 학과확인,스마트그린공학부 환경에너지공학전공,N,실용적융복합,일반강의,대면,미사용,,,52302,,2026,1,GEA8600,01,R,7,2026 - 1 학기 균형교양-자연과학기술의이해
GEA7300(00),균교,응용수학,3,3(0),30,50,1,48,0,1,38,57,2,53,1,1,신기삼,"화5B(52201),화6A,화6B,화7A,화7B,화8A,",2 학과확인,신소재공학부,Y,글로벌,영어강의,대면,미사용,,,,,2026,1,GEA7300,00,R,7,2026 - 1 학기 균형교양-자연과학기술의이해
GEA8562(00),균교,프로그래밍입문,3,3(0),30,54,48,0,0,6,0,54,54,0,0,0,이하림,"월4A(55114),월4B,월5A,수5B(55114),수6A,수6B,",1 학과확인,전자공학과,Y,창의적사고,일반강의,대면,미사용,대면,2026.04.20(월) 01:00,55114,시험일시 및 강의실은 추후 재공지 예정,2026,1,GEA8562,00,R,7,2026 - 1 학기 균형교양-자연과학기술의이해
GEA8564(00),균교,공업수학1,3,3(0),30,58,0,51,0,7,38,58,0,58,0,0,이두진,"화2B(55107),화3A,화3B,목1A(55107),목1B,목2A,",4 학과확인,전자공학과,Y,,일반강의,대면,미사용,,,,,2026,1,GEA8564,00,R,7,2026 - 1 학기 균형교양-자연과학기술의이해
GEA8583(00),확교,한자의미와지혜,3,3(0),30,57,30,10,12,5,6,60,31,10,13,6,박태성,"화1A(B21117),화1B,화2A,목2B(B21117),목3A,목3B,",1 2 3 4전학과,국어국문학과,Y,,일반강의,대면,미사용,,,,,2026,1,GEA8583,00,R,8,2026 - 1 학기 확대교양-언어의세계
GEA8528(00),확교,초급영어읽기★,3,3(0),30,40,13,21,3,3,5,41,8,24,3,6,박준호,"월4A(11205),월4B,월5A,수5B(11205),수6A,수6B,",1 2 3 4전학과,영어영문학과,Y,글로벌,일반강의,대면,미사용,,,11205,,2026,1,GEA8528,00,R,8,2026 - 1 학기 확대교양-언어의세계
GEA8531(00),확교,시사영어연습,3,3(0),30,34,8,16,4,6,8,34,4,14,6,10,박준호,"월5B(11205),월6A,월6B,수4A(11205),수4B,수5A,",1 2 3 4전학과,영어영문학과,Y,의사소통,영어강의,대면,미사용,,,11205,,2026,1,GEA8531,00,R,8,2026 - 1 학기 확대교양-언어의세계
GEA5051(00),확교,"기초프랑스어(1,2학년 외 수강신청 시 교수님께 연락 바랍니다.)",3,3(0),30,37,31,2,3,1,6,37,31,2,3,1,장영준,"화2B(11413),화3A,화3B,목1A(11413),목1B,목2A,",1 2 3 4전학과,불어불문학과,Y,,일반강의,대면,미사용,,,,,2026,1,GEA5051,00,R,8,2026 - 1 학기 확대교양-언어의세계
GEA7515(00),확교,생활일본어1,3,3(0),30,30,9,10,6,5,30,30,8,8,7,7,이현우,"화2B(11411),화3A,화3B,목1A(11411),목1B,목2A,",1 2 3 4 학과확인,일어일문학과,Y,글로벌,일반강의,대면,미사용,대면,2026.04.21(화) 10:30,11205,,2026,1,GEA7515,00,R,8,2026 - 1 학기 확대교양-언어의세계
GEA7567(00),확교,한국어문법1(초급),3,3(0),10,15,13,2,0,0,1,16,11,3,1,1,정은경,"화7A(11202),화7B,화8A,목8B(11202),목9A,목9B,",1 2 3 4전학과,교양,N,의사소통,외국인전용강좌,대면,미사용,대면,2026.04.23(목) 16:40,11202,한글 자모부터 한국어의 기초 문법까지 지필고사. 배운 문법을 사용하여 문장완성하기 유형. 모두 서술형. 객관식 문항 없음.,2026,1,GEA7567,00,R,8,2026 - 1 학기 확대교양-언어의세계
GEA7568(00),확교,한국어글쓰기1(중급)★,3,3(0),10,15,11,2,2,0,3,15,10,3,1,1,목지선,"금1A(11104),금1B,금2A,금2B,금3A,금3B,",1 2 3 4전학과,교양,N,의사소통,외국인전용강좌,대면,미사용,대면,2026.04.24(금) 09:00,11104,"시험 시작 5분 전에는 교실에 와야 합니다. 쓰기 문제가 있기 때문에 볼펜/연필, 수정 테이프/지우개 등 쓰기에 필요한 필기구를 가지고 와야 합니다.",2026,1,GEA7568,00,R,8,2026 - 1 학기 확대교양-언어의세계
GEA7569(00),확교,한국어문법2(초급)★,3,3(0),10,21,17,3,1,0,2,21,16,3,1,1,성진선,"금4A(11104),금4B,금5A,금5B,금6A,금6B,",1 2 3 4전학과,교양,N,의사소통,외국인전용강좌,대면,미사용,대면,2026.04.24(금) 13:30,11104,중간시험은 교재 처음~5과. 중간시험 일정은 수업 진행에 따라 변경될 수 있음. 기말시험은 교재 1과~10과. 기말시험은 6월 19일에 실시.,2026,1,GEA7569,00,R,8,2026 - 1 학기 확대교양-언어의세계
GEA7570(00),확교,한국어글쓰기2(중급)★,3,3(0),10,16,11,2,2,1,5,16,10,3,2,1,최연이,"월4A(11102),월4B,월5A,수5B(11102),수6A,수6B,",1 2 3 4전학과,교양,N,의사소통,외국인전용강좌,대면,미사용,대면,2026.04.27(월) 12:00,11102,"1. 지각 시 시험 응시에 제한이 있을 수 있습니다. 2. 시험에 필요한 필기구는 개인이 미리 준비해야 합니다. 3. 시험 시간에는 휴대전화, 스마트워치 등 전자기기 사용이 금지되며, 반드시 전원을 끄거나 무음으로 설정하여 가방에 넣어야 합니다. 4. 개인 사정으로 시험에 응시하지 못할 경우, 사전에 담당 교원에게 연 락 바랍니다.",2026,1,GEA7570,00,R,8,2026 - 1 학기 확대교양-언어의세계
GEA7571(00),확교,한국어말하기1(중급)★,3,3(0),10,13,9,4,0,0,10,15,10,3,1,1,조재은,"화4A(11101),화4B,화5A,목5B(11101),목6A,목6B,",1 2 3 4전학과,교양,Y,의사소통,외국인전용강좌,대면,미사용,대면,2026.04.23(목) 13:30,11101,대면 시험,2026,1,GEA7571,00,R,8,2026 - 1 학기 확대교양-언어의세계
GEA7572(00),확교,한국어말하기2(중급)★,3,3(0),10,16,12,2,1,1,1,17,12,3,1,1,김길섭,"월7A(11101),월7B,월8A,수8B(11101),수9A,수9B,",1 2 3 4전학과,교양,Y,의사소통,외국인전용강좌,대면,미사용,대면,2026.05.06(수) 16:30,11101,"한국어 발음과 억양을 정확하게 이해하고 있는지 평가함. 발음 20문항, 억양 10문항으로 30점 기준으로 평가함.",2026,1,GEA7572,00,R,8,2026 - 1 학기 확대교양-언어의세계
GEA7573(00),확교,한국어글쓰기(고급)★,3,3(0),10,15,10,3,2,0,3,15,10,3,1,1,조재은,"화5B(11101),화6A,화6B,목4A(11101),목4B,목5A,",1 2 3 4전학과,교양,N,의사소통,외국인전용강좌,대면,미사용,대면,2026.04.23(목) 12:00,11101,대면 시험,2026,1,GEA7573,00,R,8,2026 - 1 학기 확대교양-언어의세계
GEA7574(00),확교,한국어말하기(고급)★,3,3(0),10,16,8,1,6,1,2,16,11,3,1,1,김길섭,"월5B(11101),월6A,월6B,수4A(11101),수4B,수5A,",1 2 3 4전학과,교양,N,의사소통,외국인전용강좌,대면,미사용,대면,2026.05.06(수) 12:00,11101,한국어의 발음과 억양을 정확하게 이해하고 말할 수 있게 공부한 다.,2026,1,GEA7574,00,R,8,2026 - 1 학기 확대교양-언어의세계
GEA8524(00),확교,한국어회화1(초급),3,3(0),10,19,16,2,0,1,5,19,14,3,1,1,임정민,"화1A(11101),화1B,화2A,목2B(11101),목3A,목3B,",1 2 3 4전학과,교양,N,의사소통,외국인전용강좌,대면,미사용,대면,2026.04.23(목) 10:30,11101,,2026,1,GEA8524,00,R,8,2026 - 1 학기 확대교양-언어의세계
GEA8560(00),확교,기초러시아어★,2,2(0),30,60,28,18,9,5,15,60,25,18,10,7,한지형,"화6A(11109),화6B,화7A,화7B,",1 2 3 4전학과,교양,Y,글로벌,일반강의,대면,줌,,,11109,,2026,1,GEA8560,00,R,8,2026 - 1 학기 확대교양-언어의세계
GEA8821(00),확교,한국어기초말하기와문법Ⅰ(글로벌자율전공학부 중국인 유학생 전용 강좌),3,3(0),10,13,13,0,0,0,0,30,30,0,0,0,김정,"화7A(86101),화7B,화8A,목8B(86101),목9A,목9B,",1 2 3 4 학과확인,글로벌자율전공학부,N,글로벌,외국인전용강좌,대면,미사용,,,86103,,2026,1,GEA8821,00,R,8,2026 - 1 학기 확대교양-언어의세계
GEA8823(00),확교,한국어듣기와읽기Ⅰ(글로벌자율전공학부 중국인 유학생 전용 강좌),3,2(2),10,13,13,0,0,0,0,25,25,0,0,0,김정,"화1A(86103),화1B,화2A,화2B,목2A(86103),목2B,목3A,목3B,",1 2 3 4 학과확인,글로벌자율전공학부,N,글로벌,외국인전용강좌,대면,미사용,,,86103,,2026,1,GEA8823,00,R,8,2026 - 1 학기 확대교양-언어의세계
GEA8535(00),확교,중국어기초회화,3,3(0),15,17,15,0,1,1,0,17,15,0,1,1,이지한,"월7A(22414),월7B,월8A,수8B(22414),수9A,수9B,",1전학과,중국학과,Y,글로벌,제2외국어강의,대면,미사용,,,22414,,2026,1,GEA8535,00,R,8,2026 - 1 학기 확대교양-언어의세계
GEA8535(60),확교,중국어기초회화,3,3(0),15,20,10,5,1,4,5,20,8,5,0,7,신승윤,"월11B(22315),월12A,월12B,수13A(22315),수13B,수14A,",1 2 3 4 학과확인,중국학과,Y,,제2외국어강의,대면,미사용,,,,,2026,1,GEA8535,60,R,8,2026 - 1 학기 확대교양-언어의세계
GEA5053(00),확교,심화글쓰기★,2,2(0),30,37,0,9,9,19,72,37,0,9,9,19,안정아,"월5A(11106),월5B,월6A,월6B,",학과확인,국어국문학과,N,의사소통,일반강의,대면,미사용,대면,2026.04.27(월) 13:00,11106,"- 중간, 기말고사는 대면 시험이 원칙 - 시험에 대한 평가 기준은 시험 전 출제 유형에 맞게 안내 예정",2026,1,GEA5053,00,R,9,2026 - 1 학기 확대교양소양교육
GEA5054(00),확교,화법과토론★,2,2(0),30,34,0,8,6,20,39,35,0,8,8,19,구현옥,"목5A(11106),목5B,목6A,목6B,",2 3 4전학과,국어국문학과,N,의사소통,일반강의,대면,미사용,,,11106,,2026,1,GEA5054,00,R,9,2026 - 1 학기 확대교양소양교육
GEA7331(00),확교,명저읽기,3,3(0),30,40,1,4,8,27,86,40,1,4,8,27,이홍경,"수1A(11415),수1B,수2A,수2B,수3A,수3B,",1 2 3 4 학과확인,독어독문학과,N,의사소통,일반강의,대면,미사용,,,,,2026,1,GEA7331,00,R,9,2026 - 1 학기 확대교양소양교육
GEA7331(01),확교,명저읽기,3,3(0),30,40,2,4,8,26,119,40,2,4,8,26,유현수,"수1A(11414),수1B,수2A,수2B,수3A,수3B,",1 2 3 4 학과확인,독어독문학과,N,의사소통,일반강의,대면,미사용,,,,,2026,1,GEA7331,01,R,9,2026 - 1 학기 확대교양소양교육
GEA8533(00),확교,독일여행스케치,3,3(0),30,40,19,12,7,2,19,40,19,12,7,2,김충완,"월5B(11415),월6A,월6B,수4A(11415),수4B,수5A,",1 2 3 4전학과,독어독문학과,Y,글로벌,일반강의,대면,미사용,,,11415,,2026,1,GEA8533,00,R,9,2026 - 1 학기 확대교양소양교육
GEA5050(00),확교,여행으로배우는프랑스,3,3(0),30,42,28,6,3,5,3,42,26,7,3,6,박수현,"월1A(11206),월1B,월2A,수2B(11206),수3A,수3B,",1 2 3 4전학과,불어불문학과,Y,,일반강의,대면,미사용,,,,,2026,1,GEA5050,00,R,9,2026 - 1 학기 확대교양소양교육
GEA8682(00),확교,인문학탐색,2,2(0),25,25,25,0,0,0,0,25,25,0,0,0,"장영익,심현,정경재,김영찬,이재훈,조민경","화7A(11405),화7B,화8A,화8B,",1 학과확인,인문계열 자율전공학부,N,실용적융복합,팀티칭,대면,미사용,,,11405,,2026,1,GEA8682,00,R,9,2026 - 1 학기 확대교양소양교육
GEA3049(00),확교,취업과진로,2,2(0),30,77,0,40,37,0,39,80,0,40,40,0,강사,"화2A(사림강당),화2B,화3A,화3B,",2 3전학과,교양,Y,지역형리더,일반강의,대면,미사용,,,사림강당,,2026,1,GEA3049,00,R,9,2026 - 1 학기 확대교양소양교육
GEA3049(01),확교,취업과진로,2,2(0),30,80,0,62,18,0,12,80,0,40,40,0,박상희,"화5B(사림강당),화6A,화6B,화7A,",2 3전학과,교양,Y,지역형리더,일반강의,대면,미사용,,,사림강당,,2026,1,GEA3049,01,R,9,2026 - 1 학기 확대교양소양교육
GEA7521(00),확교,"사회봉사('26학년도 1학기 사회봉사교과목 수업 일정(3.4(수), 3.11(수), 3.18(수), 3.25(수)) 13:00~15:00 대면 수업(장소: CWNU 이룸홀))",2,0(0),30,267,55,41,48,123,94,400,50,100,100,150,안근아,"수5A(CWNU이룸홀),수5B,수6A,수6B,",1 2 3 4전학과,교양,Y,지역형리더,일반강의,대면,미사용,,,CWNU이룸홀,,2026,1,GEA7521,00,R,9,2026 - 1 학기 확대교양소양교육
GEA7546(00),확교,스타트업챌린지,3,3(0),30,209,17,71,56,65,495,210,18,61,60,71,김종욱,,1 2 3 4전학과,교양,Y,창의적사고,원격수업,동영상,미사용,대면,2026.04.23(목) 16:00,CWNU이룸홀,※ 시험관련 안내사항 e-캠퍼스를 통한 별도안내 예정,2026,1,GEA7546,00,R,9,2026 - 1 학기 확대교양소양교육
GEA8520(00),확교,창업디자인,3,3(0),30,68,16,23,7,22,28,69,15,20,13,21,김순호,"금1A(B21116),금1B,금2A,금2B,금3A,금3B,",1 2 3 4전학과,교양,Y,창의적사고,일반강의,대면,미사용,,,B21116,,2026,1,GEA8520,00,R,9,2026 - 1 학기 확대교양소양교육
GEA8636(00),확교,신입생역량디딤돌,1,1(0),,51,51,0,0,0,0,51,51,0,0,0,정해성,,1 2 3 4전학과,교양,N,,일반강의,대면,미사용,,,,,2026,1,GEA8636,00,R,9,2026 - 1 학기 확대교양소양교육
GEA8636(01),확교,신입생역량디딤돌,1,1(0),,50,50,0,0,0,0,51,51,0,0,0,정해성,,1 2 3 4전학과,교양,N,,일반강의,대면,미사용,,,,,2026,1,GEA8636,01,R,9,2026 - 1 학기 확대교양소양교육
GEA8636(02),확교,신입생역량디딤돌,1,1(0),,54,54,0,0,0,0,55,55,0,0,0,정해성,,1 2 3 4전학과,교양,Y,,일반강의,대면,미사용,,,,,2026,1,GEA8636,02,R,9,2026 - 1 학기 확대교양소양교육
GEA8679(00),확교,국제관계와문화융합실습(해외 협정 체결 대학의 글로컬코디네이터 대상 유학생 강의),3,0(6),10,6,6,0,0,0,1,6,6,0,0,0,김태식,,1 2 3 4전학과,교양,N,글로벌,외국인전용강좌,대면,미사용,,,,,2026,1,GEA8679,00,R,9,2026 - 1 학기 확대교양소양교육
GEA8800(00),확교,"자기주도융합탐구(‘비교과인증’ 이수자는「자기주도융합탐구」를 통해 교양 1학점 인정 받을 수 있음, 문의사항은 055-213-2655, nhs3799@changwon.ac.kr 로 문의주시기 바랍니)",1,0(0),30,170,75,49,16,30,21,400,100,100,100,100,김혜정,,1 2 3 4전학과,교양,Y,,일반강의,대면,미사용,,,,,2026,1,GEA8800,00,R,9,2026 - 1 학기 확대교양소양교육
KCA0017(00),확교,"대한민국1%가될수있는재테크상식(KCU 컨소시엄 교과목 ※ 수강료(24,000원)미납 시 수강 불가)(유료강좌)",3,3(0),1,178,45,54,41,38,164,179,45,45,45,44,강사,,1 2 3 4전학과,교양,N,실용적융복합,원격수업,동영상,미사용,,,,* 기말고사: 2026.6.06.(토)~6.12.(금),2026,1,KCA0017,00,R,9,2026 - 1 학기 확대교양소양교육
OCA0048(00),확교,"영어발음연습(OCU컨소시엄 교과목 ※수강료(24,000원) 미납 시 수강 불가)(유료강좌)",3,3(0),0,80,19,20,22,19,132,81,20,20,21,20,강사,,1 2 3 4전학과,교양,N,글로벌,원격수업,동영상,미사용,,,,중간고사 기간(수업과 병행 실시) : 4월 13일(월) ~ 5월 03일(일) 기말고사 기간(수업과 병행 실시) : 6월 01일(월) ~ 6월 14일(일),2026,1,OCA0048,00,R,9,2026 - 1 학기 확대교양소양교육
OCA0049(00),확교,"취업준비의정석과차별화(OCU컨소시엄 교과목 ※수강료(24,000원) 미납 시 수강 불가)(유료강좌)",3,3(0),0,78,17,20,19,22,38,80,19,20,20,21,강사,,1 2 3 4전학과,교양,N,실용적융복합,원격수업,동영상,미사용,,,,중간고사 기간(수업과 병행 실시) : 4월 13일(월) ~ 5월 03일(일) 기말고사 기간(수업과 병행 실시) : 6월 01일(월) ~ 6월 14일(일),2026,1,OCA0049,00,R,9,2026 - 1 학기 확대교양소양교육
GEA8686(00),확교,전공탐구생활,3,3(0),30,40,40,0,0,0,0,40,40,0,0,0,우선영,"금4A(86103),금4B,금5A,금5B,금6A,금6B,",1 학과확인,사림아너스학부,Y,,일반강의,대면,미사용,,,,,2026,1,GEA8686,00,R,9,2026 - 1 학기 확대교양소양교육
GEA8686(01),확교,전공탐구생활,3,3(0),30,47,47,0,0,0,0,47,47,0,0,0,이슬아,"금4A(86101),금4B,금5A,금5B,금6A,금6B,",1 학과확인,사림아너스학부,Y,,일반강의,대면,미사용,,,,,2026,1,GEA8686,01,R,9,2026 - 1 학기 확대교양소양교육
GEA8686(02),확교,전공탐구생활,3,3(0),30,43,43,0,0,0,0,47,47,0,0,0,이용직,"금4A(11105),금4B,금5A,금5B,금6A,금6B,",1 학과확인,사림아너스학부,N,실용적융복합,일반강의,대면,줌,,,11105,,2026,1,GEA8686,02,R,9,2026 - 1 학기 확대교양소양교육
GEA8687(00),확교,사림아너스디딤돌(입학전 교육으로 이수완료자에 한해서 26-1학기 학점 일괄 인정 처리 예정),1,1(0),30,29,29,0,0,0,0,30,30,0,0,0,"우선영,이슬아,이용직,최정인",,1 학과확인,사림아너스학부,N,지역형리더,팀티칭,대면,미사용,,,,,2026,1,GEA8687,00,R,9,2026 - 1 학기 확대교양소양교육
GEA8668(60),확교,현대노동법의이해,3,3(0),20,44,0,44,0,0,3,45,0,45,0,0,이동임,"수11A(81406),수11B,수12A,수12B,수13A,수13B,",2 학과확인,신산업융합경영학과(야),Y,실용적융복합,일반강의,대면,미사용,,,81406,시험 시작 전 10분 전에 강의실에 입실해야 한다. 만약 시험 시작 후 20분이 지난 상태에서는 시험을 응시할 수 없다. 그러므로 반드시 시험시작 20분 전까지는 강의실에 도착해야만 한다.,2026,1,GEA8668,60,R,9,2026 - 1 학기 확대교양소양교육
DHA0040(60),확교,인문학특강,3,3(0),20,26,0,0,26,0,0,26,0,0,26,0,최희규,"월10A(81406),월10B,월11A,월11B,월12A,월12B,",3 학과확인,에너지융합공학과(야),N,창의적사고,일반강의,대면,미사용,,,81406,,2026,1,DHA0040,60,R,9,2026 - 1 학기 확대교양소양교육
GEA8695(00),확교,GAST이학전공탐색Ⅰ,3,3(0),30,144,142,2,0,0,2,144,142,2,0,0,"강대욱,장영훈,안근아","금4A(사림강당),금4B,금5A,금5B,금6A,금6B,",1 2 학과확인,이학융합학부,N,실용적융복합,팀티칭,대면,미사용,,,사림강당,,2026,1,GEA8695,00,R,9,2026 - 1 학기 확대교양소양교육
GEA8697(00),확교,GAST공학전공탐색Ⅰ,3,3(0),30,160,160,0,0,0,1,170,170,0,0,0,김다정,"금1A(50109),금1B,금2A,금2B,금3A,금3B,",1 2 3 4 학과확인,공학융합학부,Y,,일반강의,대면,미사용,,,,,2026,1,GEA8697,00,R,9,2026 - 1 학기 확대교양소양교육
GEA8805(00),확교,우주항공현장실무융합세미나,3,3(0),30,25,25,0,0,0,0,25,25,0,0,0,서대반,"금3A(사천캠퍼스211),금3B,금4A,금4B,금5A,금5B,",1 2 3 4 학과확인,우주항공공학부,Y,실용적융복합,일반강의,대면,미사용,,,사천캠퍼스211,,2026,1,GEA8805,00,R,9,2026 - 1 학기 확대교양소양교육
GEA8683(00),확교,사회계열전공탐색,3,3(0),30,31,31,0,0,0,0,31,31,0,0,0,"권희경,박현구,이지한,이찬우,김민혜,김태식,김규찬,밀라드 앤드류 스탠리,박건우,이재민,홍성태","금1A(22201),금1B,금2A,금2B,금3A,금3B,",1 학과확인,사회계열 자율전공학부,N,지역형리더,팀티칭,실시간+대면,미사용,,,22201,,2026,1,GEA8683,00,R,9,2026 - 1 학기 확대교양소양교육
GEA8815(00),확교,공학계열전공탐색Ⅰ,2,2(0),30,35,35,0,0,0,0,38,38,0,0,0,"박영호,박홍규,윤태호,이훈,이흥규,임형태,정대운,문준오,심재훈,이두진","금5A(54101),금5B,금6A,금6B,",1 학과확인,공학계열 자율전공학부,Y,지역형리더,팀티칭,대면,미사용,,,54101,,2026,1,GEA8815,00,R,9,2026 - 1 학기 확대교양소양교육
GEA7290(00),확교,공간의이해,3,3(0),30,57,44,4,3,6,2,61,41,10,4,6,오이현,"금1A(54101),금1B,금2A,금2B,금3A,금3B,",1 2 3 4전학과,건축학부 건축학전공,Y,실용적융복합,일반강의,대면,미사용,,,54101,,2026,1,GEA7290,00,R,9,2026 - 1 학기 확대교양소양교육
GEA8522(60),확교,과학기술과사회,3,3(0),20,25,25,0,0,0,0,25,25,0,0,0,박상건,"목10A(81405),목10B,목11A,목11B,목12A,목12B,",1 학과확인,메카융합공학과(야),N,,일반강의,대면,미사용,,,,,2026,1,GEA8522,60,R,9,2026 - 1 학기 확대교양소양교육
GEA8556(00),확교,케이팝댄스,1,0(2),30,33,19,6,4,4,21,40,21,7,7,5,김경영,"금7A(33101),금7B,금8A,금8B,",1 2 3 4 학과확인,무용학과,Y,실용적융복합,일반강의,대면,미사용,,,33101,,2026,1,GEA8556,00,R,9,2026 - 1 학기 확대교양소양교육
GEA8684(00),확교,경영계열전공탐색,3,3(0),30,30,30,0,0,0,0,31,31,0,0,0,"박성규,백혜연,우청원,정승영,권장한,김미예,김상미","금4A(B21220),금4B,금5A,금5B,금6A,금6B,",1 학과확인,경영계열 자율전공학부,Y,실용적융복합,팀티칭,대면,미사용,,,,,2026,1,GEA8684,00,R,9,2026 - 1 학기 확대교양소양교육
GEA3066(00),확교,경영학의이해,3,3(0),30,34,17,10,3,4,10,35,15,12,3,5,정민규,"화7A(B21122),화7B,화8A,목8B(B21122),목9A,목9B,",1 2 3 4 학과확인,경영학과,Y,실용적융복합,일반강의,대면,미사용,,,B21122,,2026,1,GEA3066,00,R,9,2026 - 1 학기 확대교양소양교육
GEA3044(00),확교,현대생활과세금(세무학과 학생들의 수강신청을 제한함(전공성격의 교양과목)),3,3(0),30,36,18,9,6,3,4,40,20,11,4,5,이승호,"금4A(B21218),금4B,금5A,금5B,금6A,금6B,",1 2 3 4 학과확인,회계학과,Y,,일반강의,대면,미사용,,,,,2026,1,GEA3044,00,R,9,2026 - 1 학기 확대교양소양교육
GEA3042(00),확교,국제통상과세계문화,3,3(0),30,41,16,16,5,4,15,43,7,16,11,9,이창희,"월5B(B21111),월6A,월6B,수4A(B21111),수4B,수5A,",1 2 3 4전학과,국제무역학과,Y,글로벌,일반강의,대면,미사용,,,B21111,,2026,1,GEA3042,00,R,9,2026 - 1 학기 확대교양소양교육